model,gameId,startDate,homeTeamId,awayTeamId,homeTeam,awayTeam,actual_margin,current_pred,abs_error,pred_home_win,book_spread,sigma,holdout_season,season,torvik_pred,startDate_meta,gameNotes,gameType,tournament,conferenceGame,neutralSite,market_margin_home,market_fav_margin,ncaa_round,favorite_bucket,current_promoted,market_blend_fixed,market_blend_config,market_blend_loo,torvik_fallback_fixed,torvik_fallback_config,torvik_fallback_loo
LightGBMRegressionL2Blend,41844,2019-03-19T22:40:00.000Z,232,84,Prairie View A&M,Fairleigh Dickinson,-6.0,-5.226241111755371,0.7737588882446289,0,2.0,,2019,2019,-1.887298583984375,2019-03-19T22:40:00.000Z,MEN'S BASKETBALL CHAMPIONSHIP - WEST REGION - FIRST FOUR,TRNMNT,NCAA,False,True,-2.0,2.0,First Four,<5,-5.226241111755371,-2.645248222351074,-3.451808500289917,-5.226241111755371,-3.0559284687042236,-3.0559284687042236,-5.226241111755371
LightGBMRegressionL2Blend,41845,2019-03-20T01:10:00.000Z,22,289,Belmont,Temple,11.0,4.960938453674316,6.039061546325684,1,-2.5,,2019,2019,1.5709450244903564,2019-03-20T01:10:00.000Z,MEN'S BASKETBALL CHAMPIONSHIP - EAST REGION - FIRST FOUR,TRNMNT,NCAA,False,True,2.5,2.5,First Four,<5,4.960938453674316,2.992187690734863,3.607422304153442,4.960938453674316,2.7574427247047426,2.7574427247047426,4.960938453674316
LightGBMRegressionL2Blend,41859,2019-03-20T22:40:00.000Z,202,199,North Dakota State,North Carolina Central,4.0,2.4276978969573975,1.5723021030426025,1,-4.5,,2019,2019,4.30894660949707,2019-03-20T22:40:00.000Z,MEN'S BASKETBALL CHAMPIONSHIP - EAST REGION - FIRST FOUR,TRNMNT,NCAA,False,True,4.5,4.5,First Four,<5,2.4276978969573975,4.0855395793914795,3.567464053630829,2.4276978969573975,3.650509560108185,3.650509560108185,2.4276978969573975
LightGBMRegressionL2Blend,41860,2019-03-21T01:17:00.000Z,10,279,Arizona State,St. John's,9.0,2.8269600868225098,6.17303991317749,1,-2.0,,2019,2019,0.8833147883415222,2019-03-21T01:17:00.000Z,MEN'S BASKETBALL CHAMPIONSHIP - WEST REGION - FIRST FOUR,TRNMNT,NCAA,False,True,2.0,2.0,First Four,<5,2.8269600868225098,2.165392017364502,2.372132039070129,2.8269600868225098,1.5635906428098678,1.5635906428098678,2.8269600868225098
LightGBMRegressionL2Blend,41878,2019-03-21T16:15:00.000Z,150,173,Louisville,Minnesota,-10.0,6.059180736541748,16.059180736541748,1,-5.5,,2019,2019,3.7701008319854736,2019-03-21T16:15:00.000Z,MEN'S BASKETBALL CHAMPIONSHIP - EAST REGION - 1st ROUND,TRNMNT,NCAA,False,True,5.5,5.5,Round of 64,5-10,6.059180736541748,5.61183614730835,5.751631331443787,6.059180736541748,4.5712787985801695,4.5712787985801695,6.059180736541748
LightGBMRegressionL2Blend,41879,2019-03-21T16:40:00.000Z,136,360,LSU,Yale,5.0,6.277358531951904,1.2773585319519043,1,-7.0,,2019,2019,7.789748191833496,2019-03-21T16:40:00.000Z,MEN'S BASKETBALL CHAMPIONSHIP - EAST REGION - 1st ROUND,TRNMNT,NCAA,False,True,7.0,7.0,Round of 64,5-10,6.277358531951904,6.855471706390381,6.674811339378357,6.277358531951904,7.260411810874939,7.260411810874939,6.277358531951904
LightGBMRegressionL2Blend,41880,2019-03-21T17:30:00.000Z,16,192,Auburn,New Mexico State,1.0,2.6699938774108887,1.6699938774108887,1,-6.0,,2019,2019,6.2073469161987305,2019-03-21T17:30:00.000Z,MEN'S BASKETBALL CHAMPIONSHIP - MIDWEST REGION - 1st ROUND,TRNMNT,NCAA,False,True,6.0,6.0,Round of 64,5-10,2.6699938774108887,5.333998775482178,4.5014972448348995,2.6699938774108887,4.969273352622986,4.969273352622986,2.6699938774108887
LightGBMRegressionL2Blend,41881,2019-03-21T18:00:00.000Z,90,337,Florida State,Vermont,7.0,0.8054952621459961,6.194504737854004,1,-8.5,,2019,2019,7.616476058959961,2019-03-21T18:00:00.000Z,MEN'S BASKETBALL CHAMPIONSHIP - WEST REGION - 1st ROUND,TRNMNT,NCAA,False,True,8.5,8.5,Round of 64,5-10,0.8054952621459961,6.9610990524292,5.037472867965699,0.8054952621459961,5.232632780075074,5.232632780075074,0.8054952621459961
LightGBMRegressionL2Blend,41882,2019-03-21T19:05:00.000Z,169,29,Michigan State,Bradley,11.0,17.080781936645508,6.080781936645508,1,-18.0,,2019,2019,13.36638355255127,2019-03-21T19:05:00.000Z,MEN'S BASKETBALL CHAMPIONSHIP - EAST REGION - 1st ROUND,TRNMNT,NCAA,False,True,18.0,18.0,Round of 64,15+,17.080781936645508,17.8161563873291,17.58635187149048,17.080781936645508,14.666422986984252,14.666422986984252,17.080781936645508
LightGBMRegressionL2Blend,41883,2019-03-21T19:24:00.000Z,160,22,Maryland,Belmont,2.0,-2.3191723823547363,4.319172382354736,0,-3.0,,2019,2019,2.3543365001678467,2019-03-21T19:24:00.000Z,MEN'S BASKETBALL CHAMPIONSHIP - EAST REGION - 1st ROUND,TRNMNT,NCAA,False,True,3.0,3.0,Round of 64,<5,-2.3191723823547363,1.9361655235290531,0.6063724279403688,-2.3191723823547363,0.7186083912849427,0.7186083912849427,-2.3191723823547363
LightGBMRegressionL2Blend,41884,2019-03-21T20:24:00.000Z,131,205,Kansas,Northeastern,34.0,2.741600275039673,31.258399724960327,1,-6.5,,2019,2019,6.2051286697387695,2019-03-21T20:24:00.000Z,MEN'S BASKETBALL CHAMPIONSHIP - MIDWEST REGION - 1st ROUND,TRNMNT,NCAA,False,True,6.5,6.5,Round of 64,5-10,2.741600275039673,5.748320055007935,4.808720123767853,2.741600275039673,4.992893731594086,4.992893731594086,2.741600275039673
LightGBMRegressionL2Blend,41885,2019-03-21T20:55:00.000Z,157,184,Marquette,Murray State,-19.0,-2.3443613052368164,16.655638694763184,0,-3.0,,2019,2019,1.6239529848098755,2019-03-21T20:55:00.000Z,MEN'S BASKETBALL CHAMPIONSHIP - WEST REGION - 1st ROUND,TRNMNT,NCAA,False,True,3.0,3.0,Round of 64,<5,-2.3443613052368164,1.9311277389526371,0.5950374126434328,-2.3443613052368164,0.23504298329353335,0.23504298329353335,-2.3443613052368164
LightGBMRegressionL2Blend,41886,2019-03-21T22:50:00.000Z,189,87,Nevada,Florida,-9.0,-1.9874026775360107,7.012597322463989,0,-3.0,,2019,2019,-2.148721694946289,2019-03-21T22:50:00.000Z,MEN'S BASKETBALL CHAMPIONSHIP - WEST REGION - 1st ROUND,TRNMNT,NCAA,False,True,3.0,3.0,Round of 64,<5,-1.9874026775360107,2.0025194644927984,0.7556687951087954,-1.9874026775360107,-2.0922600388526913,-2.0922600388526913,-1.9874026775360107
LightGBMRegressionL2Blend,41887,2019-03-21T23:10:00.000Z,135,1,Kentucky,Abilene Christian,35.0,11.010149002075195,23.989850997924805,1,-20.0,,2019,2019,13.437036514282227,2019-03-21T23:10:00.000Z,MEN'S BASKETBALL CHAMPIONSHIP - MIDWEST REGION - 1st ROUND,TRNMNT,NCAA,False,True,20.0,20.0,Round of 64,15+,11.010149002075195,18.20202980041504,15.954567050933838,11.010149002075195,12.587625885009764,12.587625885009764,11.010149002075195
LightGBMRegressionL2Blend,41888,2019-03-21T23:27:00.000Z,102,84,Gonzaga,Fairleigh Dickinson,38.0,16.598617553710938,21.401382446289062,1,-28.5,,2019,2019,18.914823532104492,2019-03-21T23:27:00.000Z,MEN'S BASKETBALL CHAMPIONSHIP - WEST REGION - 1st ROUND,TRNMNT,NCAA,False,True,28.5,28.5,Round of 64,15+,16.598617553710938,26.119723510742187,23.14437789916992,16.598617553710938,18.104151439666747,18.104151439666747,16.598617553710938
LightGBMRegressionL2Blend,41889,2019-03-21T23:45:00.000Z,338,253,Villanova,Saint Mary's,4.0,-0.5104808211326599,4.51048082113266,0,-3.5,,2019,2019,-0.9579365253448486,2019-03-21T23:45:00.000Z,MEN'S BASKETBALL CHAMPIONSHIP - SOUTH REGION - 1st ROUND,TRNMNT,NCAA,False,True,3.5,3.5,Round of 64,<5,-0.5104808211326599,2.6979038357734684,1.6952836304903034,-0.5104808211326599,-0.8013270288705826,-0.8013270288705826,-0.5104808211326599
LightGBMRegressionL2Blend,41890,2019-03-22T01:40:00.000Z,356,263,Wofford,Seton Hall,16.0,1.8072261810302734,14.192773818969727,1,-3.5,,2019,2019,3.8495638370513916,2019-03-22T01:40:00.000Z,MEN'S BASKETBALL CHAMPIONSHIP - MIDWEST REGION - 1st ROUND,TRNMNT,NCAA,False,True,3.5,3.5,Round of 64,<5,1.8072261810302734,3.1614452362060548,2.738251781463623,1.8072261810302734,3.1347456574440002,3.1347456574440002,1.8072261810302734
LightGBMRegressionL2Blend,41891,2019-03-22T01:47:00.000Z,170,179,Michigan,Montana,19.0,8.339962005615234,10.660037994384766,1,-15.5,,2019,2019,13.596612930297852,2019-03-22T01:47:00.000Z,MEN'S BASKETBALL CHAMPIONSHIP - WEST REGION - 1st ROUND,TRNMNT,NCAA,False,True,15.5,15.5,Round of 64,15+,8.339962005615234,14.067992401123046,12.277982902526855,8.339962005615234,11.756785106658937,11.756785106658937,8.339962005615234
LightGBMRegressionL2Blend,41892,2019-03-22T02:00:00.000Z,286,20,Syracuse,Baylor,-9.0,-2.46124005317688,6.53875994682312,0,-2.5,,2019,2019,0.5148169994354248,2019-03-22T02:00:00.000Z,MEN'S BASKETBALL CHAMPIONSHIP - WEST REGION - 1st ROUND,TRNMNT,NCAA,False,True,2.5,2.5,Round of 64,<5,-2.46124005317688,1.507751989364624,0.2674419760704041,-2.46124005317688,-0.5268029689788818,-0.5268029689788818,-2.46124005317688
LightGBMRegressionL2Blend,41893,2019-03-22T02:13:00.000Z,236,219,Purdue,Old Dominion,13.0,11.185758590698242,1.8142414093017578,1,-12.5,,2019,2019,12.025108337402344,2019-03-22T02:13:00.000Z,MEN'S BASKETBALL CHAMPIONSHIP - SOUTH REGION - 1st ROUND,TRNMNT,NCAA,False,True,12.5,12.5,Round of 64,10-15,11.185758590698242,12.237151718139648,11.90859136581421,11.185758590698242,11.731335926055909,11.731335926055909,11.185758590698242
LightGBMRegressionL2Blend,41898,2019-03-22T16:15:00.000Z,51,124,Cincinnati,Iowa,-7.0,5.650102615356445,12.650102615356445,1,-4.5,,2019,2019,2.6745989322662354,2019-03-22T16:15:00.000Z,MEN'S BASKETBALL CHAMPIONSHIP - SOUTH REGION - 1st ROUND,TRNMNT,NCAA,False,True,4.5,4.5,Round of 64,<5,5.650102615356445,4.730020523071289,5.0175461769104,5.650102615356445,3.7160252213478087,3.7160252213478087,5.650102615356445
LightGBMRegressionL2Blend,41899,2019-03-22T16:40:00.000Z,220,217,Ole Miss,Oklahoma,-23.0,2.6526927947998047,25.652692794799805,1,-1.0,,2019,2019,0.823310375213623,2019-03-22T16:40:00.000Z,MEN'S BASKETBALL CHAMPIONSHIP - SOUTH REGION - 1st ROUND,TRNMNT,NCAA,False,True,1.0,1.0,Round of 64,<5,2.6526927947998047,1.3305385589599608,1.743711757659912,2.6526927947998047,1.4635942220687865,1.4635942220687865,2.6526927947998047
LightGBMRegressionL2Blend,41900,2019-03-22T17:30:00.000Z,298,210,Texas Tech,Northern Kentucky,15.0,8.557085037231445,6.442914962768555,1,-13.5,,2019,2019,12.506519317626953,2019-03-22T17:30:00.000Z,MEN'S BASKETBALL CHAMPIONSHIP - WEST REGION - 1st ROUND,TRNMNT,NCAA,False,True,13.5,13.5,Round of 64,10-15,8.557085037231445,12.511417007446289,11.275688266754152,8.557085037231445,11.124217319488526,11.124217319488526,8.557085037231445
LightGBMRegressionL2Blend,41901,2019-03-22T18:00:00.000Z,132,308,Kansas State,UC Irvine,-6.0,0.8802775740623474,6.880277574062347,1,-3.5,,2019,2019,3.013927459716797,2019-03-22T18:00:00.000Z,MEN'S BASKETBALL CHAMPIONSHIP - SOUTH REGION - 1st ROUND,TRNMNT,NCAA,False,True,3.5,3.5,Round of 64,<5,0.8802775740623474,2.9760555148124697,2.3211249083280565,0.8802775740623474,2.2671499997377396,2.2671499997377396,0.8802775740623474
LightGBMRegressionL2Blend,41902,2019-03-22T19:01:00.000Z,292,55,Tennessee,Colgate,7.0,11.39567756652832,4.39567756652832,1,-17.5,,2019,2019,12.837839126586914,2019-03-22T19:01:00.000Z,MEN'S BASKETBALL CHAMPIONSHIP - SOUTH REGION - 1st ROUND,TRNMNT,NCAA,False,True,17.5,17.5,Round of 64,15+,11.39567756652832,16.279135513305665,14.753054904937745,11.39567756652832,12.333082580566407,12.333082580566407,11.39567756652832
LightGBMRegressionL2Blend,41903,2019-03-22T19:13:00.000Z,339,94,Virginia,Gardner-Webb,15.0,19.673263549804688,4.6732635498046875,1,-22.5,,2019,2019,17.684688568115234,2019-03-22T19:13:00.000Z,MEN'S BASKETBALL CHAMPIONSHIP - SOUTH REGION - 1st ROUND,TRNMNT,NCAA,False,True,22.5,22.5,Round of 64,15+,19.673263549804688,21.934652709960936,21.227968597412108,19.673263549804688,18.380689811706542,18.380689811706542,19.673263549804688
LightGBMRegressionL2Blend,41904,2019-03-22T20:10:00.000Z,33,10,Buffalo,Arizona State,17.0,7.107436180114746,9.892563819885254,1,-6.0,,2019,2019,6.098121643066406,2019-03-22T20:10:00.000Z,MEN'S BASKETBALL CHAMPIONSHIP - WEST REGION - 1st ROUND,TRNMNT,NCAA,False,True,6.0,6.0,Round of 64,5-10,7.107436180114746,6.221487236022949,6.498346281051635,7.107436180114746,6.451381731033325,6.451381731033325,7.107436180114746
LightGBMRegressionL2Blend,41905,2019-03-22T20:43:00.000Z,355,223,Wisconsin,Oregon,-18.0,1.8598511219024658,19.859851121902466,1,-2.0,,2019,2019,2.6966607570648193,2019-03-22T20:43:00.000Z,MEN'S BASKETBALL CHAMPIONSHIP - SOUTH REGION - 1st ROUND,TRNMNT,NCAA,False,True,2.0,2.0,Round of 64,<5,1.8598511219024658,1.971970224380493,1.9369330048561095,1.8598511219024658,2.4037773847579955,2.4037773847579955,1.8598511219024658
LightGBMRegressionL2Blend,41906,2019-03-22T22:50:00.000Z,329,343,Utah State,Washington,-17.0,1.8234484195709229,18.823448419570923,1,-3.5,,2019,2019,3.6896400451660156,2019-03-22T22:50:00.000Z,MEN'S BASKETBALL CHAMPIONSHIP - MIDWEST REGION - 1st ROUND,TRNMNT,NCAA,False,True,3.5,3.5,Round of 64,<5,1.8234484195709229,3.164689683914185,2.7455517888069156,1.8234484195709229,3.036472976207733,3.036472976207733,1.8234484195709229
LightGBMRegressionL2Blend,41907,2019-03-22T23:10:00.000Z,72,202,Duke,North Dakota State,23.0,18.368677139282227,4.631322860717773,1,-27.5,,2019,2019,17.358219146728516,2019-03-22T23:10:00.000Z,MEN'S BASKETBALL CHAMPIONSHIP - EAST REGION - 1st ROUND,TRNMNT,NCAA,False,True,27.5,27.5,Round of 64,15+,18.368677139282227,25.673735427856446,23.390904712677003,18.368677139282227,17.711879444122314,17.711879444122314,18.368677139282227
LightGBMRegressionL2Blend,41908,2019-03-22T23:20:00.000Z,113,100,Houston,Georgia State,29.0,9.731746673583984,19.268253326416016,1,-12.5,,2019,2019,9.83617115020752,2019-03-22T23:20:00.000Z,MEN'S BASKETBALL CHAMPIONSHIP - MIDWEST REGION - 1st ROUND,TRNMNT,NCAA,False,True,12.5,12.5,Round of 64,10-15,9.731746673583984,11.946349334716796,11.254286003112792,9.731746673583984,9.799622583389283,9.799622583389283,9.731746673583984
LightGBMRegressionL2Blend,41909,2019-03-22T23:37:00.000Z,174,142,Mississippi State,Liberty,-4.0,4.025126934051514,8.025126934051514,1,-7.0,,2019,2019,6.147265434265137,2019-03-22T23:37:00.000Z,MEN'S BASKETBALL CHAMPIONSHIP - EAST REGION - 1st ROUND,TRNMNT,NCAA,False,True,7.0,7.0,Round of 64,5-10,4.025126934051514,6.405025386810303,5.6613071203231815,4.025126934051514,5.404516959190369,5.404516959190369,4.025126934051514
LightGBMRegressionL2Blend,41910,2019-03-23T01:30:00.000Z,200,123,North Carolina,Iona,15.0,18.805322647094727,3.8053226470947266,1,-24.5,,2019,2019,18.438251495361328,2019-03-23T01:30:00.000Z,MEN'S BASKETBALL CHAMPIONSHIP - MIDWEST REGION - 1st ROUND,TRNMNT,NCAA,False,True,24.5,24.5,Round of 64,15+,18.805322647094727,23.361064529418947,21.93739519119263,18.805322647094727,18.56672639846802,18.56672639846802,18.805322647094727
LightGBMRegressionL2Blend,41911,2019-03-23T01:45:00.000Z,333,312,VCU,UCF,-15.0,-2.325136661529541,12.674863338470459,0,1.5,,2019,2019,-0.4348130226135254,2019-03-23T01:45:00.000Z,MEN'S BASKETBALL CHAMPIONSHIP - EAST REGION - 1st ROUND,TRNMNT,NCAA,False,True,-1.5,1.5,Round of 64,<5,-2.325136661529541,-1.6650273323059084,-1.8713114976882936,-2.325136661529541,-1.096426296234131,-1.096426296234131,-2.325136661529541
LightGBMRegressionL2Blend,41912,2019-03-23T01:46:00.000Z,125,216,Iowa State,Ohio State,-3.0,4.71061897277832,7.71061897277832,1,-5.5,,2019,2019,6.112635612487793,2019-03-23T01:46:00.000Z,MEN'S BASKETBALL CHAMPIONSHIP - MIDWEST REGION - 1st ROUND,TRNMNT,NCAA,False,True,5.5,5.5,Round of 64,5-10,4.71061897277832,5.342123794555664,5.144778537750245,4.71061897277832,5.621929788589478,5.621929788589478,4.71061897277832
LightGBMRegressionL2Blend,41913,2019-03-23T02:20:00.000Z,340,252,Virginia Tech,Saint Louis,14.0,9.116113662719727,4.883886337280273,1,-10.0,,2019,2019,10.652385711669922,2019-03-23T02:20:00.000Z,MEN'S BASKETBALL CHAMPIONSHIP - EAST REGION - 1st ROUND,TRNMNT,NCAA,False,True,10.0,10.0,Round of 64,5-10,9.116113662719727,9.823222732543945,9.602251148223877,9.116113662719727,10.114690494537353,10.114690494537353,9.116113662719727
LightGBMRegressionL2Blend,41916,2019-03-23T16:10:00.000Z,136,160,LSU,Maryland,2.0,0.04176211357116699,1.958237886428833,1,-3.0,,2019,2019,2.2483882904052734,2019-03-23T16:10:00.000Z,MEN'S BASKETBALL CHAMPIONSHIP - EAST REGION - 2nd ROUND,TRNMNT,NCAA,False,True,3.0,3.0,Round of 32,<5,0.04176211357116699,2.4083524227142337,1.6687929511070252,0.04176211357116699,1.4760691285133363,1.4760691285133363,0.04176211357116699
LightGBMRegressionL2Blend,41917,2019-03-23T19:00:00.000Z,135,356,Kentucky,Wofford,6.0,3.4047062397003174,2.5952937602996826,1,-5.5,,2019,2019,4.420181751251221,2019-03-23T19:00:00.000Z,MEN'S BASKETBALL CHAMPIONSHIP - MIDWEST REGION - 2nd ROUND,TRNMNT,NCAA,False,True,5.5,5.5,Round of 32,5-10,3.4047062397003174,5.080941247940063,4.5571178078651435,3.4047062397003174,4.064765322208404,4.064765322208404,3.4047062397003174
LightGBMRegressionL2Blend,41918,2019-03-23T21:15:00.000Z,170,87,Michigan,Florida,15.0,2.221895217895508,12.778104782104492,1,-6.0,,2019,2019,4.268680095672607,2019-03-23T21:15:00.000Z,MEN'S BASKETBALL CHAMPIONSHIP - WEST REGION - 2nd ROUND,TRNMNT,NCAA,False,True,6.0,6.0,Round of 32,5-10,2.221895217895508,5.2443790435791025,4.2998528480529785,2.221895217895508,3.552305388450623,3.552305388450623,2.221895217895508
LightGBMRegressionL2Blend,41919,2019-03-23T22:10:00.000Z,90,184,Florida State,Murray State,28.0,-1.0003818273544312,29.00038182735443,0,-4.0,,2019,2019,3.7058000564575195,2019-03-23T22:10:00.000Z,MEN'S BASKETBALL CHAMPIONSHIP - WEST REGION - 2nd ROUND,TRNMNT,NCAA,False,True,4.0,4.0,Round of 32,<5,-1.0003818273544312,2.999923634529114,1.7498281776905062,-1.0003818273544312,2.058636397123337,2.058636397123337,-1.0003818273544312
LightGBMRegressionL2Blend,41920,2019-03-23T23:10:00.000Z,102,20,Gonzaga,Baylor,12.0,9.523091316223145,2.4769086837768555,1,-14.0,,2019,2019,9.111103057861328,2019-03-23T23:10:00.000Z,MEN'S BASKETBALL CHAMPIONSHIP - WEST REGION - 2nd ROUND,TRNMNT,NCAA,False,True,14.0,14.0,Round of 32,10-15,9.523091316223145,13.10461826324463,11.985391092300416,9.523091316223145,9.255298948287965,9.255298948287965,9.523091316223145
LightGBMRegressionL2Blend,41921,2019-03-24T00:00:00.000Z,169,173,Michigan State,Minnesota,20.0,10.070806503295898,9.929193496704102,1,-10.5,,2019,2019,8.37165641784668,2019-03-24T00:00:00.000Z,MEN'S BASKETBALL CHAMPIONSHIP - EAST REGION - 2nd ROUND,TRNMNT,NCAA,False,True,10.5,10.5,Round of 32,10-15,10.070806503295898,10.41416130065918,10.306862926483154,10.070806503295898,8.966358947753907,8.966358947753907,10.070806503295898
LightGBMRegressionL2Blend,41922,2019-03-24T00:40:00.000Z,236,338,Purdue,Villanova,26.0,3.4260621070861816,22.57393789291382,1,-3.5,,2019,2019,5.2879533767700195,2019-03-24T00:40:00.000Z,MEN'S BASKETBALL CHAMPIONSHIP - SOUTH REGION - 2nd ROUND,TRNMNT,NCAA,False,True,3.5,3.5,Round of 32,<5,3.4260621070861816,3.4852124214172364,3.466727948188782,3.4260621070861816,4.636291432380676,4.636291432380676,3.4260621070861816
LightGBMRegressionL2Blend,41923,2019-03-24T01:58:00.000Z,131,16,Kansas,Auburn,-14.0,-2.1073062419891357,11.892693758010864,0,2.0,,2019,2019,-0.7370626926422119,2019-03-24T01:58:00.000Z,MEN'S BASKETBALL CHAMPIONSHIP - MIDWEST REGION - 2nd ROUND,TRNMNT,NCAA,False,True,-2.0,2.0,Round of 32,<5,-2.1073062419891357,-2.021461248397827,-2.048287808895111,-2.1073062419891357,-1.2166479349136352,-1.2166479349136352,-2.1073062419891357
LightGBMRegressionL2Blend,41927,2019-03-24T16:10:00.000Z,292,124,Tennessee,Iowa,6.0,6.2446112632751465,0.24461126327514648,1,-8.0,,2019,2019,7.509331703186035,2019-03-24T16:10:00.000Z,MEN'S BASKETBALL CHAMPIONSHIP - SOUTH REGION - 2nd ROUND,TRNMNT,NCAA,False,True,8.0,8.0,Round of 32,5-10,6.2446112632751465,7.648922252655029,7.210075068473817,6.2446112632751465,7.066679549217223,7.066679549217223,6.2446112632751465
LightGBMRegressionL2Blend,41928,2019-03-24T19:13:00.000Z,200,343,North Carolina,Washington,22.0,8.736144065856934,13.263855934143066,1,-11.5,,2019,2019,8.973240852355957,2019-03-24T19:13:00.000Z,MEN'S BASKETBALL CHAMPIONSHIP - MIDWEST REGION - 2nd ROUND,TRNMNT,NCAA,False,True,11.5,11.5,Round of 32,10-15,8.736144065856934,10.947228813171387,10.25626482963562,8.736144065856934,8.890256977081298,8.890256977081298,8.736144065856934
LightGBMRegressionL2Blend,41929,2019-03-24T21:25:00.000Z,72,312,Duke,UCF,1.0,5.450138568878174,4.450138568878174,1,-13.5,,2019,2019,6.480037689208984,2019-03-24T21:25:00.000Z,MEN'S BASKETBALL CHAMPIONSHIP - EAST REGION - 2nd ROUND,TRNMNT,NCAA,False,True,13.5,13.5,Round of 32,10-15,5.450138568878174,11.890027713775636,9.87756235599518,5.450138568878174,6.119572997093201,6.119572997093201,5.450138568878174
LightGBMRegressionL2Blend,41930,2019-03-24T22:10:00.000Z,298,33,Texas Tech,Buffalo,20.0,1.7922366857528687,18.20776331424713,1,-4.0,,2019,2019,2.791426181793213,2019-03-24T22:10:00.000Z,MEN'S BASKETBALL CHAMPIONSHIP - WEST REGION - 2nd ROUND,TRNMNT,NCAA,False,True,4.0,4.0,Round of 32,<5,1.7922366857528687,3.558447337150574,3.006506508588791,1.7922366857528687,2.4417098581790926,2.4417098581790926,1.7922366857528687
LightGBMRegressionL2Blend,41931,2019-03-24T23:10:00.000Z,340,142,Virginia Tech,Liberty,9.0,7.117647647857666,1.882352352142334,1,-9.5,,2019,2019,8.02041244506836,2019-03-24T23:10:00.000Z,MEN'S BASKETBALL CHAMPIONSHIP - EAST REGION - 2nd ROUND,TRNMNT,NCAA,False,True,9.5,9.5,Round of 32,5-10,7.117647647857666,9.023529529571533,8.42794144153595,7.117647647857666,7.704444766044617,7.704444766044617,7.117647647857666
LightGBMRegressionL2Blend,41932,2019-03-25T00:07:00.000Z,339,217,Virginia,Oklahoma,12.0,10.995519638061523,1.0044803619384766,1,-10.5,,2019,2019,7.007891654968262,2019-03-25T00:07:00.000Z,MEN'S BASKETBALL CHAMPIONSHIP - SOUTH REGION - 2nd ROUND,TRNMNT,NCAA,False,True,10.5,10.5,Round of 32,10-15,10.995519638061523,10.599103927612305,10.722983837127686,10.995519638061523,8.403561449050903,8.403561449050903,10.995519638061523
LightGBMRegressionL2Blend,41933,2019-03-25T00:55:00.000Z,113,216,Houston,Ohio State,15.0,7.267609119415283,7.732390880584717,1,-6.5,,2019,2019,6.793855667114258,2019-03-25T00:55:00.000Z,MEN'S BASKETBALL CHAMPIONSHIP - MIDWEST REGION - 2nd ROUND,TRNMNT,NCAA,False,True,6.5,6.5,Round of 32,5-10,7.267609119415283,6.6535218238830565,6.845424103736877,7.267609119415283,6.959669375419617,6.959669375419617,7.267609119415283
LightGBMRegressionL2Blend,41934,2019-03-25T01:41:00.000Z,223,308,Oregon,UC Irvine,19.0,-0.35957100987434387,19.359571009874344,0,-4.5,,2019,2019,2.209655523300171,2019-03-25T01:41:00.000Z,MEN'S BASKETBALL CHAMPIONSHIP - SOUTH REGION - 2nd ROUND,TRNMNT,NCAA,False,True,4.5,4.5,Round of 32,<5,-0.35957100987434387,3.5280857980251312,2.3131930455565453,-0.35957100987434387,1.3104262366890906,1.3104262366890906,-0.35957100987434387
LightGBMRegressionL2Blend,41955,2019-03-28T23:09:00.000Z,102,90,Gonzaga,Florida State,14.0,9.350135803222656,4.649864196777344,1,-7.5,,2019,2019,4.788571834564209,2019-03-28T23:09:00.000Z,MEN'S BASKETBALL CHAMPIONSHIP - WEST REGION - SWEET 16,TRNMNT,NCAA,False,True,7.5,7.5,Sweet 16,5-10,9.350135803222656,7.870027160644531,8.332561111450195,9.350135803222656,6.385119223594666,6.385119223594666,9.350135803222656
LightGBMRegressionL2Blend,41956,2019-03-28T23:29:00.000Z,292,236,Tennessee,Purdue,-5.0,-1.4492548704147339,3.550745129585266,0,-1.5,,2019,2019,0.06342935562133789,2019-03-28T23:29:00.000Z,MEN'S BASKETBALL CHAMPIONSHIP - SOUTH REGION - SWEET 16,TRNMNT,NCAA,False,True,1.5,1.5,Sweet 16,<5,-1.4492548704147339,0.9101490259170535,0.1728353083133699,-1.4492548704147339,-0.4660101234912872,-0.4660101234912872,-1.4492548704147339
LightGBMRegressionL2Blend,41957,2019-03-29T01:58:00.000Z,170,298,Michigan,Texas Tech,-19.0,1.4683756828308105,20.46837568283081,1,-1.5,,2019,2019,-0.10505986213684082,2019-03-29T01:58:00.000Z,MEN'S BASKETBALL CHAMPIONSHIP - WEST REGION - SWEET 16,TRNMNT,NCAA,False,True,1.5,1.5,Sweet 16,<5,1.4683756828308105,1.4936751365661622,1.4857690572738647,1.4683756828308105,0.44564257860183715,0.44564257860183715,1.4683756828308105
LightGBMRegressionL2Blend,41958,2019-03-29T02:34:00.000Z,339,223,Virginia,Oregon,4.0,6.159161567687988,2.1591615676879883,1,-8.5,,2019,2019,8.028889656066895,2019-03-29T02:34:00.000Z,MEN'S BASKETBALL CHAMPIONSHIP - SOUTH REGION - SWEET 16,TRNMNT,NCAA,False,True,8.5,8.5,Sweet 16,5-10,6.159161567687988,8.031832313537599,7.446622705459595,6.159161567687988,7.374484825134278,7.374484825134278,6.159161567687988
LightGBMRegressionL2Blend,41962,2019-03-29T23:09:00.000Z,169,136,Michigan State,LSU,17.0,8.152494430541992,8.847505569458008,1,-6.0,,2019,2019,2.571958303451538,2019-03-29T23:09:00.000Z,MEN'S BASKETBALL CHAMPIONSHIP - EAST REGION - SWEET 16,TRNMNT,NCAA,False,True,6.0,6.0,Sweet 16,5-10,8.152494430541992,6.430498886108399,6.968622493743896,8.152494430541992,4.525145947933197,4.525145947933197,8.152494430541992
LightGBMRegressionL2Blend,41963,2019-03-29T23:29:00.000Z,200,16,North Carolina,Auburn,-17.0,3.8104124069213867,20.810412406921387,1,-5.5,,2019,2019,1.289427638053894,2019-03-29T23:29:00.000Z,MEN'S BASKETBALL CHAMPIONSHIP - MIDWEST REGION - SWEET 16,TRNMNT,NCAA,False,True,5.5,5.5,Sweet 16,5-10,3.8104124069213867,5.162082481384277,4.739685583114625,3.8104124069213867,2.1717723071575166,2.1717723071575166,3.8104124069213867
LightGBMRegressionL2Blend,41964,2019-03-30T01:45:00.000Z,72,340,Duke,Virginia Tech,2.0,4.263771057128906,2.2637710571289062,1,-7.5,,2019,2019,1.5945767164230347,2019-03-30T01:45:00.000Z,MEN'S BASKETBALL CHAMPIONSHIP - EAST REGION - SWEET 16,TRNMNT,NCAA,False,True,7.5,7.5,Sweet 16,5-10,4.263771057128906,6.852754211425781,6.0436969757080075,4.263771057128906,2.5287947356700897,2.5287947356700897,4.263771057128906
LightGBMRegressionL2Blend,41965,2019-03-30T02:06:00.000Z,135,113,Kentucky,Houston,4.0,-0.2993086576461792,4.299308657646179,0,-2.0,,2019,2019,0.4165273904800415,2019-03-30T02:06:00.000Z,MEN'S BASKETBALL CHAMPIONSHIP - MIDWEST REGION - SWEET 16,TRNMNT,NCAA,False,True,2.0,2.0,Sweet 16,<5,-0.2993086576461792,1.5401382684707643,0.9653111040592195,-0.2993086576461792,0.16598477363586428,0.16598477363586428,-0.2993086576461792
LightGBMRegressionL2Blend,41967,2019-03-30T22:09:00.000Z,102,298,Gonzaga,Texas Tech,-6.0,2.394730806350708,8.394730806350708,1,-5.0,,2019,2019,1.645983099937439,2019-03-30T22:09:00.000Z,MEN'S BASKETBALL CHAMPIONSHIP - WEST REGION - ELITE 8,TRNMNT,NCAA,False,True,5.0,5.0,Elite 8,<5,2.394730806350708,4.478946161270142,3.827628862857819,2.394730806350708,1.9080447971820833,1.9080447971820833,2.394730806350708
LightGBMRegressionL2Blend,41968,2019-03-31T00:49:00.000Z,339,236,Virginia,Purdue,5.0,1.237025260925293,3.762974739074707,1,-4.5,,2019,2019,-0.12249290943145752,2019-03-31T00:49:00.000Z,MEN'S BASKETBALL CHAMPIONSHIP - SOUTH REGION - ELITE 8,TRNMNT,NCAA,False,True,4.5,4.5,Elite 8,<5,1.237025260925293,3.8474050521850587,3.031661367416382,1.237025260925293,0.35333845019340515,0.35333845019340515,1.237025260925293
LightGBMRegressionL2Blend,41969,2019-03-31T18:20:00.000Z,135,16,Kentucky,Auburn,-6.0,1.0325247049331665,7.0325247049331665,1,-4.5,,2019,2019,-0.001447916030883789,2019-03-31T18:20:00.000Z,MEN'S BASKETBALL CHAMPIONSHIP - MIDWEST REGION - ELITE 8,TRNMNT,NCAA,False,True,4.5,4.5,Elite 8,<5,1.0325247049331665,3.8065049409866334,2.939636117219925,1.0325247049331665,0.3604425013065338,0.3604425013065338,1.0325247049331665
LightGBMRegressionL2Blend,41970,2019-03-31T21:05:00.000Z,72,169,Duke,Michigan State,-1.0,0.1167593002319336,1.1167593002319336,1,-2.5,,2019,2019,0.19368743896484375,2019-03-31T21:05:00.000Z,MEN'S BASKETBALL CHAMPIONSHIP - EAST REGION - ELITE 8,TRNMNT,NCAA,False,True,2.5,2.5,Elite 8,<5,0.1167593002319336,2.023351860046387,1.42754168510437,0.1167593002319336,0.1667625904083252,0.1667625904083252,0.1167593002319336
LightGBMRegressionL2Blend,41980,2019-04-06T22:09:00.000Z,339,16,Virginia,Auburn,1.0,3.4614498615264893,2.4614498615264893,1,-6.5,,2019,2019,0.77547287940979,2019-04-06T22:09:00.000Z,MEN'S BASKETBALL CHAMPIONSHIP - FINAL FOUR,TRNMNT,NCAA,False,True,6.5,6.5,Final Four,5-10,3.4614498615264893,5.8922899723052975,5.13265243768692,3.4614498615264893,1.7155648231506349,1.7155648231506349,3.4614498615264893
LightGBMRegressionL2Blend,41981,2019-04-07T00:49:00.000Z,169,298,Michigan State,Texas Tech,-10.0,1.6684232950210571,11.668423295021057,1,-2.0,,2019,2019,-0.38710927963256836,2019-04-07T00:49:00.000Z,MEN'S BASKETBALL CHAMPIONSHIP - FINAL FOUR,TRNMNT,NCAA,False,True,2.0,2.0,Final Four,<5,1.6684232950210571,1.9336846590042114,1.8507904827594759,1.6684232950210571,0.3323271214962005,0.3323271214962005,1.6684232950210571
LightGBMRegressionL2Blend,41982,2019-04-09T01:20:00.000Z,339,298,Virginia,Texas Tech,8.0,-0.04890257120132446,8.048902571201324,0,-1.5,,2019,2019,0.11533570289611816,2019-04-09T01:20:00.000Z,MEN'S BASKETBALL CHAMPIONSHIP - NATIONAL CHAMPIONSHIP,TRNMNT,NCAA,False,True,1.5,1.5,Championship,<5,-0.04890257120132446,1.1902194857597352,0.802993842959404,-0.04890257120132446,0.05785230696201325,0.05785230696201325,-0.04890257120132446
LightGBMRegressionL2Blend,24648,2022-03-15T22:40:00.000Z,296,294,Texas Southern,Texas A&M-Corpus Christi,9.0,3.5520989894866943,5.447901010513306,1,-3.5,,2022,2022,3.1628904342651367,2022-03-15T22:40:00.000Z,Men's Basketball Championship - Midwest Region - First Four,TRNMNT,NCAA,False,True,3.5,3.5,First Four,<5,3.5520989894866943,3.510419797897339,3.5234445452690126,3.5234445452690126,3.2991134285926815,3.2991134285926815,3.2991134285926815
LightGBMRegressionL2Blend,24649,2022-03-16T01:25:00.000Z,358,121,Wyoming,Indiana,-8.0,-1.1304773092269897,6.86952269077301,0,4.5,,2022,2022,-2.1490302085876465,2022-03-16T01:25:00.000Z,Men's Basketball Championship - East Region - First Four,TRNMNT,NCAA,False,True,-4.5,4.5,First Four,<5,-1.1304773092269897,-3.826095461845398,-2.9837147891521454,-2.9837147891521454,-1.7925366938114167,-1.7925366938114167,-1.7925366938114167
LightGBMRegressionL2Blend,24665,2022-03-16T22:40:00.000Z,357,31,Wright State,Bryant,11.0,0.3536662459373474,10.646333754062653,1,-2.5,,2022,2022,-0.6904845833778381,2022-03-16T22:40:00.000Z,Men's Basketball Championship - South Region - First Four,TRNMNT,NCAA,False,True,2.5,2.5,First Four,<5,0.3536662459373474,2.0707332491874695,1.5341498106718063,1.5341498106718063,-0.3250317931175232,-0.3250317931175232,-0.3250317931175232
LightGBMRegressionL2Blend,24666,2022-03-17T01:36:00.000Z,245,213,Rutgers,Notre Dame,-2.0,-0.02474910020828247,1.9752508997917175,0,-1.0,,2022,2022,-1.2497632503509521,2022-03-17T01:36:00.000Z,Men's Basketball Championship - West Region - First Four,TRNMNT,NCAA,False,True,1.0,1.0,First Four,<5,-0.02474910020828247,0.7950501799583436,0.538862904906273,0.538862904906273,-0.8210082978010178,-0.8210082978010178,-0.8210082978010178
LightGBMRegressionL2Blend,24675,2022-03-17T16:15:00.000Z,57,170,Colorado State,Michigan,-12.0,-2.299485445022583,9.700514554977417,0,2.0,,2022,2022,-2.402165651321411,2022-03-17T16:15:00.000Z,Men's Basketball Championship - South Region - 1st Round,TRNMNT,NCAA,False,True,-2.0,2.0,Round of 64,<5,-2.299485445022583,-2.0598970890045165,-2.1347684502601623,-2.1347684502601623,-2.3662275791168215,-2.3662275791168215,-2.3662275791168215
LightGBMRegressionL2Blend,24676,2022-03-17T16:40:00.000Z,235,270,Providence,South Dakota State,9.0,1.6188437938690186,7.3811562061309814,1,-2.5,,2022,2022,2.1885180473327637,2022-03-17T16:40:00.000Z,Men's Basketball Championship - Midwest Region - 1st Round,TRNMNT,NCAA,False,True,2.5,2.5,Round of 64,<5,1.6188437938690186,2.3237687587738036,2.1034797072410583,2.1034797072410583,1.9891320586204528,1.9891320586204528,1.9891320586204528
LightGBMRegressionL2Blend,24677,2022-03-17T17:45:00.000Z,25,163,Boise State,Memphis,-11.0,2.593524217605591,13.59352421760559,1,3.5,,2022,2022,-0.017596900463104248,2022-03-17T17:45:00.000Z,Men's Basketball Championship - West Region - 1st Round,TRNMNT,NCAA,False,True,-3.5,3.5,Round of 64,<5,2.593524217605591,-2.2812951564788824,-0.7579141020774844,-0.7579141020774844,0.896295490860939,0.896295490860939,0.896295490860939
LightGBMRegressionL2Blend,24678,2022-03-17T18:00:00.000Z,20,196,Baylor,Norfolk State,36.0,15.211372375488281,20.78862762451172,1,-20.5,,2022,2022,16.881723403930664,2022-03-17T18:00:00.000Z,Men's Basketball Championship - East Region - 1st Round,TRNMNT,NCAA,False,True,20.5,20.5,Round of 64,15+,15.211372375488281,19.44227447509766,18.120117568969725,18.120117568969725,16.29710054397583,16.29710054397583,16.29710054397583
LightGBMRegressionL2Blend,24679,2022-03-17T18:50:00.000Z,292,147,Tennessee,Longwood,32.0,8.823603630065918,23.176396369934082,1,-18.0,,2022,2022,11.346839904785156,2022-03-17T18:50:00.000Z,Men's Basketball Championship - South Region - 1st Round,TRNMNT,NCAA,False,True,18.0,18.0,Round of 64,15+,8.823603630065918,16.164720726013183,13.870621633529662,13.870621633529662,10.463707208633423,10.463707208633423,10.463707208633423
LightGBMRegressionL2Blend,24680,2022-03-17T19:10:00.000Z,124,242,Iowa,Richmond,-4.0,8.402132034301758,12.402132034301758,1,-9.5,,2022,2022,8.3915433883667,2022-03-17T19:10:00.000Z,Men's Basketball Championship - Midwest Region - 1st Round,TRNMNT,NCAA,False,True,9.5,9.5,Round of 64,5-10,8.402132034301758,9.280426406860352,9.005959415435791,9.005959415435791,8.39524941444397,8.39524941444397,8.39524941444397
LightGBMRegressionL2Blend,24681,2022-03-17T20:27:00.000Z,102,100,Gonzaga,Georgia State,21.0,16.137126922607422,4.862873077392578,1,-22.5,,2022,2022,14.182849884033203,2022-03-17T20:27:00.000Z,Men's Basketball Championship - West Region - 1st Round,TRNMNT,NCAA,False,True,22.5,22.5,Round of 64,15+,16.137126922607422,21.227425384521485,19.63670711517334,19.63670711517334,14.86684684753418,14.86684684753418,14.86684684753418
LightGBMRegressionL2Blend,24682,2022-03-17T20:41:00.000Z,200,157,North Carolina,Marquette,32.0,3.0141024589538574,28.985897541046143,1,-4.0,,2022,2022,1.8360848426818848,2022-03-17T20:41:00.000Z,Men's Basketball Championship - East Region - 1st Round,TRNMNT,NCAA,False,True,4.0,4.0,Round of 64,<5,3.0141024589538574,3.8028204917907713,3.5563461065292357,3.5563461065292357,2.248391008377075,2.248391008377075,2.248391008377075
LightGBMRegressionL2Blend,24683,2022-03-17T23:00:00.000Z,314,192,UConn,New Mexico State,-7.0,7.354274749755859,14.35427474975586,1,-6.5,,2022,2022,5.142965793609619,2022-03-17T23:00:00.000Z,Men's Basketball Championship - West Region - 1st Round,TRNMNT,NCAA,False,True,6.5,6.5,Round of 64,5-10,7.354274749755859,6.670854949951172,6.884423637390137,6.884423637390137,5.916923928260803,5.916923928260803,5.916923928260803
LightGBMRegressionL2Blend,24684,2022-03-17T23:10:00.000Z,135,254,Kentucky,Saint Peter's,-6.0,13.217123031616211,19.21712303161621,1,-18.5,,2022,2022,13.36378288269043,2022-03-17T23:10:00.000Z,Men's Basketball Championship - East Region - 1st Round,TRNMNT,NCAA,False,True,18.5,18.5,Round of 64,15+,13.217123031616211,17.44342460632324,16.122705364227294,16.122705364227294,13.312451934814455,13.312451934814455,13.312451934814455
LightGBMRegressionL2Blend,24685,2022-03-17T23:20:00.000Z,253,121,Saint Mary's,Indiana,29.0,0.9069935083389282,28.093006491661072,1,-2.5,,2022,2022,2.415579319000244,2022-03-17T23:20:00.000Z,Men's Basketball Championship - East Region - 1st Round,TRNMNT,NCAA,False,True,2.5,2.5,Round of 64,<5,0.9069935083389282,2.181398701667786,1.7831470787525177,1.7831470787525177,1.8875742852687836,1.8875742852687836,1.8875742852687836
LightGBMRegressionL2Blend,24686,2022-03-17T23:27:00.000Z,257,61,San Diego State,Creighton,-3.0,0.7583900094032288,3.7583900094032288,1,-2.5,,2022,2022,0.31823813915252686,2022-03-17T23:27:00.000Z,Men's Basketball Championship - Midwest Region - 1st Round,TRNMNT,NCAA,False,True,2.5,2.5,Round of 64,<5,0.7583900094032288,2.151678001880646,1.716275504231453,1.716275504231453,0.4722912937402725,0.4722912937402725,0.4722912937402725
LightGBMRegressionL2Blend,24687,2022-03-18T01:40:00.000Z,12,337,Arkansas,Vermont,4.0,-0.07887464761734009,4.07887464761734,0,-5.5,,2022,2022,3.231158494949341,2022-03-18T01:40:00.000Z,Men's Basketball Championship - West Region - 1st Round,TRNMNT,NCAA,False,True,5.5,5.5,Round of 64,5-10,-0.07887464761734009,4.384225070476532,2.9895064085721974,2.9895064085721974,2.0726468950510024,2.0726468950510024,2.0726468950510024
LightGBMRegressionL2Blend,24688,2022-03-18T02:07:00.000Z,313,3,UCLA,Akron,4.0,10.968599319458008,6.968599319458008,1,-13.5,,2022,2022,11.730587005615234,2022-03-18T02:07:00.000Z,Men's Basketball Championship - East Region - 1st Round,TRNMNT,NCAA,False,True,13.5,13.5,Round of 64,10-15,10.968599319458008,12.993719863891602,12.360869693756104,12.360869693756104,11.463891315460204,11.463891315460204,11.463891315460204
LightGBMRegressionL2Blend,24689,2022-03-18T02:14:00.000Z,184,259,Murray State,San Francisco,5.0,2.0025553703308105,2.9974446296691895,1,-2.0,,2022,2022,-2.829710006713867,2022-03-18T02:14:00.000Z,Men's Basketball Championship - East Region - 1st Round,TRNMNT,NCAA,False,True,2.0,2.0,Round of 64,<5,2.0025553703308105,2.000511074066162,2.0011499166488647,2.0011499166488647,-1.1384171247482302,-1.1384171247482302,-1.1384171247482302
LightGBMRegressionL2Blend,24690,2022-03-18T02:43:00.000Z,131,296,Kansas,Texas Southern,27.0,16.88724708557129,10.112752914428711,1,-22.0,,2022,2022,17.279203414916992,2022-03-18T02:43:00.000Z,Men's Basketball Championship - Midwest Region - 1st Round,TRNMNT,NCAA,False,True,22.0,22.0,Round of 64,15+,16.88724708557129,20.977449417114258,19.69926118850708,19.69926118850708,17.142018699645995,17.142018699645995,17.142018699645995
LightGBMRegressionL2Blend,24691,2022-03-18T16:15:00.000Z,216,151,Ohio State,Loyola Chicago,13.0,0.308584600687027,12.691415399312973,1,,,2022,2022,-0.03429579734802246,2022-03-18T16:15:00.000Z,Men's Basketball Championship - South Region - 1st Round,TRNMNT,NCAA,False,True,,,Round of 64,,0.308584600687027,,,,0.08571234196424483,0.08571234196424483,0.08571234196424483
LightGBMRegressionL2Blend,24692,2022-03-18T16:40:00.000Z,16,128,Auburn,Jacksonville State,19.0,10.071208953857422,8.928791046142578,1,-14.5,,2022,2022,10.845966339111328,2022-03-18T16:40:00.000Z,Men's Basketball Championship - Midwest Region - 1st Round,TRNMNT,NCAA,False,True,14.5,14.5,Round of 64,10-15,10.071208953857422,13.614241790771485,12.50704402923584,12.50704402923584,10.574801254272462,10.574801254272462,10.574801254272462
LightGBMRegressionL2Blend,24693,2022-03-18T17:45:00.000Z,298,180,Texas Tech,Montana State,35.0,11.015950202941895,23.984049797058105,1,-15.0,,2022,2022,10.545555114746094,2022-03-18T17:45:00.000Z,Men's Basketball Championship - West Region - 1st Round,TRNMNT,NCAA,False,True,15.0,15.0,Round of 64,10-15,11.015950202941895,14.203190040588378,13.207177591323852,13.207177591323852,10.710193395614624,10.710193395614624,10.710193395614624
LightGBMRegressionL2Blend,24694,2022-03-18T18:00:00.000Z,236,360,Purdue,Yale,22.0,14.245918273925781,7.754081726074219,1,-16.5,,2022,2022,12.40163516998291,2022-03-18T18:00:00.000Z,Men's Basketball Championship - East Region - 1st Round,TRNMNT,NCAA,False,True,16.5,16.5,Round of 64,15+,14.245918273925781,16.049183654785157,15.485663223266602,15.485663223266602,13.047134256362916,13.047134256362916,13.047134256362916
LightGBMRegressionL2Blend,24695,2022-03-18T18:58:00.000Z,338,66,Villanova,Delaware,20.0,11.33829402923584,8.66170597076416,1,-15.0,,2022,2022,10.896125793457031,2022-03-18T18:58:00.000Z,Men's Basketball Championship - South Region - 1st Round,TRNMNT,NCAA,False,True,15.0,15.0,Round of 64,10-15,11.33829402923584,14.267658805847168,13.352232313156128,13.352232313156128,11.050884675979614,11.050884675979614,11.050884675979614
LightGBMRegressionL2Blend,24696,2022-03-18T19:23:00.000Z,323,168,USC,Miami,-2.0,1.3325581550598145,3.3325581550598145,1,-2.5,,2022,2022,-1.2614502906799316,2022-03-18T19:23:00.000Z,Men's Basketball Championship - Midwest Region - 1st Round,TRNMNT,NCAA,False,True,2.5,2.5,Round of 64,<5,1.3325581550598145,2.266511631011963,1.9746511697769165,1.9746511697769165,-0.3535473346710205,-0.3535473346710205,-0.3535473346710205
LightGBMRegressionL2Blend,24697,2022-03-18T20:25:00.000Z,5,213,Alabama,Notre Dame,-14.0,3.0087389945983887,17.00873899459839,1,-4.5,,2022,2022,0.461029976606369,2022-03-18T20:25:00.000Z,Men's Basketball Championship - West Region - 1st Round,TRNMNT,NCAA,False,True,4.5,4.5,Round of 64,<5,3.0087389945983887,4.201747798919678,3.828932547569275,3.828932547569275,1.3527281329035759,1.3527281329035759,1.3527281329035759
LightGBMRegressionL2Blend,24698,2022-03-18T20:38:00.000Z,295,340,Texas,Virginia Tech,8.0,0.9343105554580688,7.065689444541931,1,-1.5,,2022,2022,-1.2212777137756348,2022-03-18T20:38:00.000Z,Men's Basketball Championship - East Region - 1st Round,TRNMNT,NCAA,False,True,1.5,1.5,Round of 64,<5,0.9343105554580688,1.386862111091614,1.245439749956131,1.245439749956131,-0.4668218195438385,-0.4668218195438385,-0.4668218195438385
LightGBMRegressionL2Blend,24699,2022-03-18T22:50:00.000Z,118,49,Illinois,Chattanooga,1.0,7.393146514892578,6.393146514892578,1,-7.5,,2022,2022,5.0146894454956055,2022-03-18T22:50:00.000Z,Men's Basketball Championship - South Region - 1st Round,TRNMNT,NCAA,False,True,7.5,7.5,Round of 64,5-10,7.393146514892578,7.478629302978515,7.4519159317016594,7.4519159317016594,5.847149419784546,5.847149419784546,5.847149419784546
LightGBMRegressionL2Blend,24700,2022-03-18T23:10:00.000Z,72,37,Duke,Cal State Fullerton,17.0,12.518692016601562,4.4813079833984375,1,-18.5,,2022,2022,16.616729736328125,2022-03-18T23:10:00.000Z,Men's Basketball Championship - West Region - 1st Round,TRNMNT,NCAA,False,True,18.5,18.5,Round of 64,15+,12.518692016601562,17.303738403320313,15.808411407470704,15.808411407470704,15.182416534423828,15.182416534423828,15.182416534423828
LightGBMRegressionL2Blend,24701,2022-03-18T23:27:00.000Z,11,357,Arizona,Wright State,17.0,18.44715118408203,1.4471511840820312,1,-21.5,,2022,2022,17.97852325439453,2022-03-18T23:27:00.000Z,Men's Basketball Championship - South Region - 1st Round,TRNMNT,NCAA,False,True,21.5,21.5,Round of 64,15+,18.44715118408203,20.889430236816406,20.126218032836917,20.126218032836917,18.14254302978516,18.14254302978516,18.14254302978516
LightGBMRegressionL2Blend,24702,2022-03-18T23:57:00.000Z,136,125,LSU,Iowa State,-5.0,4.092864990234375,9.092864990234375,1,-3.5,,2022,2022,3.0856504440307617,2022-03-18T23:57:00.000Z,Men's Basketball Championship - Midwest Region - 1st Round,TRNMNT,NCAA,False,True,3.5,3.5,Round of 64,<5,4.092864990234375,3.618572998046875,3.7667892456054686,3.7667892456054686,3.4381755352020265,3.4381755352020265,3.4381755352020265
LightGBMRegressionL2Blend,24703,2022-03-19T01:37:00.000Z,169,63,Michigan State,Davidson,1.0,-1.356711745262146,2.356711745262146,0,1.5,,2022,2022,-0.13971924781799316,2022-03-19T01:37:00.000Z,Men's Basketball Championship - West Region - 1st Round,TRNMNT,NCAA,False,True,-1.5,1.5,Round of 64,<5,-1.356711745262146,-1.4713423490524293,-1.4355202853679656,-1.4355202853679656,-0.5656666219234466,-0.5656666219234466,-0.5656666219234466
LightGBMRegressionL2Blend,24704,2022-03-19T01:40:00.000Z,113,305,Houston,UAB,14.0,8.317750930786133,5.682249069213867,1,-8.5,,2022,2022,9.976340293884277,2022-03-19T01:40:00.000Z,Men's Basketball Championship - South Region - 1st Round,TRNMNT,NCAA,False,True,8.5,8.5,Round of 64,5-10,8.317750930786133,8.463550186157226,8.417987918853761,8.417987918853761,9.395834016799927,9.395834016799927,9.395834016799927
LightGBMRegressionL2Blend,24705,2022-03-19T02:00:00.000Z,263,287,Seton Hall,TCU,-27.0,0.0863613486289978,27.086361348628998,1,-1.5,,2022,2022,-0.3188468813896179,2022-03-19T02:00:00.000Z,Men's Basketball Championship - South Region - 1st Round,TRNMNT,NCAA,False,True,1.5,1.5,Round of 64,<5,0.0863613486289978,1.2172722697257998,0.8638626068830491,0.8638626068830491,-0.17702400088310244,-0.17702400088310244,-0.17702400088310244
LightGBMRegressionL2Blend,24706,2022-03-19T02:45:00.000Z,355,55,Wisconsin,Colgate,7.0,7.371687412261963,0.3716874122619629,1,-7.5,,2022,2022,7.081906318664551,2022-03-19T02:45:00.000Z,Men's Basketball Championship - Midwest Region - 1st Round,TRNMNT,NCAA,False,True,7.5,7.5,Round of 64,5-10,7.371687412261963,7.474337482452392,7.442259335517883,7.442259335517883,7.183329701423645,7.183329701423645,7.183329701423645
LightGBMRegressionL2Blend,24710,2022-03-19T16:10:00.000Z,20,200,Baylor,North Carolina,-7.0,4.199448585510254,11.199448585510254,1,-5.5,,2022,2022,7.037265300750732,2022-03-19T16:10:00.000Z,Men's Basketball Championship - East Region - 2nd Round,TRNMNT,NCAA,False,True,5.5,5.5,Round of 32,5-10,4.199448585510254,5.239889717102051,4.914751863479614,4.914751863479614,6.044029450416565,6.044029450416565,6.044029450416565
LightGBMRegressionL2Blend,24711,2022-03-19T18:40:00.000Z,131,61,Kansas,Creighton,7.0,7.034371376037598,0.034371376037597656,1,-13.0,,2022,2022,9.085529327392578,2022-03-19T18:40:00.000Z,Men's Basketball Championship - Midwest Region - 2nd Round,TRNMNT,NCAA,False,True,13.0,13.0,Round of 32,10-15,7.034371376037598,11.80687427520752,10.315467119216919,10.315467119216919,8.367624044418335,8.367624044418335,8.367624044418335
LightGBMRegressionL2Blend,24712,2022-03-19T21:50:00.000Z,292,170,Tennessee,Michigan,-8.0,2.422168493270874,10.422168493270874,1,-7.0,,2022,2022,5.185500144958496,2022-03-19T21:50:00.000Z,Men's Basketball Championship - South Region - 2nd Round,TRNMNT,NCAA,False,True,7.0,7.0,Round of 32,5-10,2.422168493270874,6.084433698654175,4.939975821971894,4.939975821971894,4.218334066867828,4.218334066867828,4.218334066867828
LightGBMRegressionL2Blend,24713,2022-03-19T22:10:00.000Z,235,242,Providence,Richmond,28.0,0.5057096481323242,27.494290351867676,1,-3.5,,2022,2022,2.678117513656616,2022-03-19T22:10:00.000Z,Men's Basketball Championship - Midwest Region - 2nd Round,TRNMNT,NCAA,False,True,3.5,3.5,Round of 32,<5,0.5057096481323242,2.901141929626465,2.152569341659546,2.152569341659546,1.9177747607231141,1.9177747607231141,1.9177747607231141
LightGBMRegressionL2Blend,24714,2022-03-19T23:10:00.000Z,313,253,UCLA,Saint Mary's,16.0,0.5964241027832031,15.403575897216797,1,-2.5,,2022,2022,0.8633995056152344,2022-03-19T23:10:00.000Z,Men's Basketball Championship - East Region - 2nd Round,TRNMNT,NCAA,False,True,2.5,2.5,Round of 32,<5,0.5964241027832031,2.119284820556641,1.6433908462524414,1.6433908462524414,0.7699581146240234,0.7699581146240234,0.7699581146240234
LightGBMRegressionL2Blend,24715,2022-03-20T00:28:00.000Z,184,254,Murray State,Saint Peter's,-10.0,8.615215301513672,18.615215301513672,1,-8.0,,2022,2022,7.308746814727783,2022-03-20T00:28:00.000Z,Men's Basketball Championship - East Region - 2nd Round,TRNMNT,NCAA,False,True,8.0,8.0,Round of 32,5-10,8.615215301513672,8.123043060302734,8.276846885681152,8.276846885681152,7.766010785102845,7.766010785102845,7.766010785102845
LightGBMRegressionL2Blend,24716,2022-03-20T00:40:00.000Z,12,192,Arkansas,New Mexico State,5.0,6.0506086349487305,1.0506086349487305,1,-6.5,,2022,2022,7.409017562866211,2022-03-20T00:40:00.000Z,Men's Basketball Championship - West Region - 2nd Round,TRNMNT,NCAA,False,True,6.5,6.5,Round of 32,5-10,6.0506086349487305,6.410121726989746,6.2977738857269285,6.2977738857269285,6.933574438095093,6.933574438095093,6.933574438095093
LightGBMRegressionL2Blend,24717,2022-03-20T01:40:00.000Z,102,163,Gonzaga,Memphis,4.0,10.0660982131958,6.066098213195801,1,-9.5,,2022,2022,7.995526313781738,2022-03-20T01:40:00.000Z,Men's Basketball Championship - West Region - 2nd Round,TRNMNT,NCAA,False,True,9.5,9.5,Round of 32,5-10,10.0660982131958,9.61321964263916,9.75474419593811,9.75474419593811,8.72022647857666,8.72022647857666,8.72022647857666
LightGBMRegressionL2Blend,24725,2022-03-20T16:10:00.000Z,118,113,Illinois,Houston,-15.0,-3.2193691730499268,11.780630826950073,0,3.5,,2022,2022,-6.419529914855957,2022-03-20T16:10:00.000Z,Men's Basketball Championship - South Region - 2nd Round,TRNMNT,NCAA,False,True,-3.5,3.5,Round of 32,<5,-3.2193691730499268,-3.4438738346099855,-3.373716127872467,-3.373716127872467,-5.299473655223847,-5.299473655223847,-5.299473655223847
LightGBMRegressionL2Blend,24726,2022-03-20T18:54:00.000Z,338,216,Villanova,Ohio State,10.0,2.7095322608947754,7.290467739105225,1,-5.0,,2022,2022,4.13175630569458,2022-03-20T18:54:00.000Z,Men's Basketball Championship - South Region - 2nd Round,TRNMNT,NCAA,False,True,5.0,5.0,Round of 32,<5,2.7095322608947754,4.541906452178955,3.9692895174026486,3.9692895174026486,3.6339778900146484,3.6339778900146484,3.6339778900146484
LightGBMRegressionL2Blend,24727,2022-03-20T21:20:00.000Z,72,169,Duke,Michigan State,9.0,4.046197891235352,4.953802108764648,1,-6.5,,2022,2022,7.898781776428223,2022-03-20T21:20:00.000Z,Men's Basketball Championship - West Region - 2nd Round,TRNMNT,NCAA,False,True,6.5,6.5,Round of 32,5-10,4.046197891235352,6.009239578247071,5.395789051055909,5.395789051055909,6.550377416610718,6.550377416610718,6.550377416610718
LightGBMRegressionL2Blend,24728,2022-03-20T22:10:00.000Z,355,125,Wisconsin,Iowa State,-5.0,3.1844613552093506,8.18446135520935,1,-4.0,,2022,2022,1.8082332611083984,2022-03-20T22:10:00.000Z,Men's Basketball Championship - Midwest Region - 2nd Round,TRNMNT,NCAA,False,True,4.0,4.0,Round of 32,<5,3.1844613552093506,3.83689227104187,3.633007609844208,3.633007609844208,2.2899130940437313,2.2899130940437313,2.2899130940437313
LightGBMRegressionL2Blend,24729,2022-03-20T23:10:00.000Z,298,213,Texas Tech,Notre Dame,6.0,6.450031280517578,0.4500312805175781,1,-8.0,,2022,2022,5.649710655212402,2022-03-20T23:10:00.000Z,Men's Basketball Championship - West Region - 2nd Round,TRNMNT,NCAA,False,True,8.0,8.0,Round of 32,5-10,6.450031280517578,7.690006256103516,7.30251407623291,7.30251407623291,5.929822874069213,5.929822874069213,5.929822874069213
LightGBMRegressionL2Blend,24730,2022-03-21T00:08:00.000Z,16,168,Auburn,Miami,-18.0,6.598590850830078,24.598590850830078,1,-6.5,,2022,2022,2.837864398956299,2022-03-21T00:08:00.000Z,Men's Basketball Championship - Midwest Region - 2nd Round,TRNMNT,NCAA,False,True,6.5,6.5,Round of 32,5-10,6.598590850830078,6.519718170166016,6.544365882873535,6.544365882873535,4.154118657112122,4.154118657112122,4.154118657112122
LightGBMRegressionL2Blend,24731,2022-03-21T01:06:00.000Z,236,295,Purdue,Texas,10.0,2.816575050354004,7.183424949645996,1,-3.5,,2022,2022,2.3761332035064697,2022-03-21T01:06:00.000Z,Men's Basketball Championship - East Region - 2nd Round,TRNMNT,NCAA,False,True,3.5,3.5,Round of 32,<5,2.816575050354004,3.363315010070801,3.192458772659302,3.192458772659302,2.5302878499031065,2.5302878499031065,2.5302878499031065
LightGBMRegressionL2Blend,24732,2022-03-21T01:54:00.000Z,11,287,Arizona,TCU,5.0,8.381880760192871,3.381880760192871,1,-10.0,,2022,2022,9.014070510864258,2022-03-21T01:54:00.000Z,Men's Basketball Championship - South Region - 2nd Round,TRNMNT,NCAA,False,True,10.0,10.0,Round of 32,5-10,8.381880760192871,9.676376152038573,9.271846342086793,9.271846342086793,8.792804098129272,8.792804098129272,8.792804098129272
LightGBMRegressionL2Blend,24757,2022-03-24T23:09:00.000Z,102,12,Gonzaga,Arkansas,-6.0,8.803293228149414,14.803293228149414,1,-9.5,,2022,2022,7.800337314605713,2022-03-24T23:09:00.000Z,Men's Basketball Championship - West Region - Sweet 16,TRNMNT,NCAA,False,True,9.5,9.5,Sweet 16,5-10,8.803293228149414,9.360658645629883,9.186481952667236,9.186481952667236,8.151371884346009,8.151371884346009,8.151371884346009
LightGBMRegressionL2Blend,24758,2022-03-24T23:29:00.000Z,338,170,Villanova,Michigan,8.0,3.1092045307159424,4.890795469284058,1,-4.5,,2022,2022,4.667423248291016,2022-03-24T23:29:00.000Z,Men's Basketball Championship - South Region - Sweet 16,TRNMNT,NCAA,False,True,4.5,4.5,Sweet 16,<5,3.1092045307159424,4.221840906143188,3.874142038822174,3.874142038822174,4.12204669713974,4.12204669713974,4.12204669713974
LightGBMRegressionL2Blend,24759,2022-03-25T01:39:00.000Z,72,298,Duke,Texas Tech,5.0,1.3388206958770752,3.661179304122925,1,,,2022,2022,2.262559652328491,2022-03-25T01:39:00.000Z,Men's Basketball Championship - West Region - Sweet 16,TRNMNT,NCAA,False,True,,,Sweet 16,,1.3388206958770752,,,,1.9392510175704956,1.9392510175704956,1.9392510175704956
LightGBMRegressionL2Blend,24760,2022-03-25T01:59:00.000Z,11,113,Arizona,Houston,-12.0,-0.9767218232154846,11.023278176784515,0,-1.5,,2022,2022,-1.6231532096862793,2022-03-25T01:59:00.000Z,Men's Basketball Championship - South Region - Sweet 16,TRNMNT,NCAA,False,True,1.5,1.5,Sweet 16,<5,-0.9767218232154846,1.0046556353569034,0.385475179553032,0.385475179553032,-1.3969022244215012,-1.3969022244215012,-1.3969022244215012
LightGBMRegressionL2Blend,24761,2022-03-25T23:09:00.000Z,236,254,Purdue,Saint Peter's,-3.0,10.50101089477539,13.50101089477539,1,-13.0,,2022,2022,11.451051712036133,2022-03-25T23:09:00.000Z,Men's Basketball Championship - East Region - Sweet 16,TRNMNT,NCAA,False,True,13.0,13.0,Sweet 16,10-15,10.50101089477539,12.500202178955078,11.875454902648926,11.875454902648926,11.118537425994873,11.118537425994873,11.118537425994873
LightGBMRegressionL2Blend,24762,2022-03-25T23:29:00.000Z,131,235,Kansas,Providence,5.0,7.283738613128662,2.283738613128662,1,-6.5,,2022,2022,7.423694133758545,2022-03-25T23:29:00.000Z,Men's Basketball Championship - Midwest Region - Sweet 16,TRNMNT,NCAA,False,True,6.5,6.5,Sweet 16,5-10,7.283738613128662,6.656747722625733,6.852682375907898,6.852682375907898,7.374709701538086,7.374709701538086,7.374709701538086
LightGBMRegressionL2Blend,24763,2022-03-26T01:58:00.000Z,313,200,UCLA,North Carolina,-7.0,3.1292879581451416,10.129287958145142,1,-2.5,,2022,2022,3.253326892852783,2022-03-26T01:58:00.000Z,Men's Basketball Championship - East Region - Sweet 16,TRNMNT,NCAA,False,True,2.5,2.5,Sweet 16,<5,3.1292879581451416,2.6258575916290283,2.7831795811653137,2.7831795811653137,3.209913265705109,3.209913265705109,3.209913265705109
LightGBMRegressionL2Blend,24764,2022-03-26T02:20:00.000Z,168,125,Miami,Iowa State,14.0,2.247035026550293,11.752964973449707,1,-3.5,,2022,2022,3.3022758960723877,2022-03-26T02:20:00.000Z,Men's Basketball Championship - Midwest Region - Sweet 16,TRNMNT,NCAA,False,True,3.5,3.5,Sweet 16,<5,2.247035026550293,3.2494070053100588,2.936165761947632,2.936165761947632,2.932941591739654,2.932941591739654,2.932941591739654
LightGBMRegressionL2Blend,24766,2022-03-26T22:09:00.000Z,338,113,Villanova,Houston,6.0,-2.5183093547821045,8.518309354782104,0,3.0,,2022,2022,-1.9035240411758423,2022-03-26T22:09:00.000Z,Men's Basketball Championship - South Region - Elite 8,TRNMNT,NCAA,False,True,-3.0,3.0,Elite 8,<5,-2.5183093547821045,-2.9036618709564213,-2.783239209651947,-2.783239209651947,-2.118698900938034,-2.118698900938034,-2.118698900938034
LightGBMRegressionL2Blend,24767,2022-03-27T00:54:00.000Z,72,12,Duke,Arkansas,9.0,2.9986705780029297,6.00132942199707,1,-4.5,,2022,2022,4.4390788078308105,2022-03-27T00:54:00.000Z,Men's Basketball Championship - West Region - Elite 8,TRNMNT,NCAA,False,True,4.5,4.5,Elite 8,<5,2.9986705780029297,4.199734115600586,3.8244017601013183,3.8244017601013183,3.9349359273910522,3.9349359273910522,3.9349359273910522
LightGBMRegressionL2Blend,24768,2022-03-27T18:20:00.000Z,131,168,Kansas,Miami,26.0,5.457174301147461,20.54282569885254,1,-5.5,,2022,2022,5.3976287841796875,2022-03-27T18:20:00.000Z,Men's Basketball Championship - Midwest Region - Elite 8,TRNMNT,NCAA,False,True,5.5,5.5,Elite 8,5-10,5.457174301147461,5.491434860229492,5.480728435516358,5.480728435516358,5.418469715118408,5.418469715118408,5.418469715118408
LightGBMRegressionL2Blend,24769,2022-03-27T21:05:00.000Z,200,254,North Carolina,Saint Peter's,20.0,7.542091369628906,12.457908630371094,1,-8.5,,2022,2022,7.980852127075195,2022-03-27T21:05:00.000Z,Men's Basketball Championship - East Region - Elite 8,TRNMNT,NCAA,False,True,8.5,8.5,Elite 8,5-10,7.542091369628906,8.308418273925781,8.068941116333008,8.068941116333008,7.827285861968994,7.827285861968994,7.827285861968994
LightGBMRegressionL2Blend,24776,2022-04-02T22:09:00.000Z,131,338,Kansas,Villanova,16.0,0.8284521102905273,15.171547889709473,1,-4.0,,2022,2022,0.21225839853286743,2022-04-02T22:09:00.000Z,Men's Basketball Championship - Final Four,TRNMNT,NCAA,False,True,4.0,4.0,Final Four,<5,0.8284521102905273,3.3656904220581056,2.5728034496307375,2.5728034496307375,0.4279261976480484,0.4279261976480484,0.4279261976480484
LightGBMRegressionL2Blend,24777,2022-04-03T00:49:00.000Z,72,200,Duke,North Carolina,-4.0,2.170748472213745,6.170748472213745,1,-4.5,,2022,2022,4.912598133087158,2022-04-03T00:49:00.000Z,Men's Basketball Championship - Final Four,TRNMNT,NCAA,False,True,4.5,4.5,Final Four,<5,2.170748472213745,4.034149694442749,3.451836812496185,3.451836812496185,3.9529507517814637,3.9529507517814637,3.9529507517814637
LightGBMRegressionL2Blend,24778,2022-04-05T01:20:00.000Z,131,200,Kansas,North Carolina,3.0,2.0020933151245117,0.9979066848754883,1,-4.5,,2022,2022,3.030587673187256,2022-04-05T01:20:00.000Z,Men's Basketball Championship - National Championship,TRNMNT,NCAA,False,True,4.5,4.5,Championship,<5,2.0020933151245117,4.000418663024902,3.3759419918060303,3.3759419918060303,2.6706146478652952,2.6706146478652952,2.6706146478652952
LightGBMRegressionL2Blend,18277,2023-03-14T22:40:00.000Z,294,272,Texas A&M-Corpus Christi,Southeast Missouri State,4.0,1.910921573638916,2.089078426361084,1,-3.5,,2023,2023,3.832353353500366,2023-03-14T22:40:00.000Z,Men's Basketball Championship - South Region - First Four,TRNMNT,NCAA,False,True,3.5,3.5,First Four,<5,1.910921573638916,3.1821843147277833,2.7849147081375123,3.102730393409729,3.1598522305488586,3.1598522305488586,3.1598522305488586
LightGBMRegressionL2Blend,18278,2023-03-15T01:34:00.000Z,174,229,Mississippi State,Pittsburgh,-1.0,5.655373573303223,6.655373573303223,1,-2.5,,2023,2023,2.2929799556732178,2023-03-15T01:34:00.000Z,Men's Basketball Championship - Midwest Region - First Four,TRNMNT,NCAA,False,True,2.5,2.5,First Four,<5,5.655373573303223,3.1310747146606444,3.91991810798645,3.2888433933258057,3.4698177218437194,3.4698177218437194,3.4698177218437194
LightGBMRegressionL2Blend,18287,2023-03-15T22:40:00.000Z,296,84,Texas Southern,Fairleigh Dickinson,-23.0,-1.3057968616485596,21.69420313835144,0,-2.5,,2023,2023,0.5969871282577515,2023-03-15T22:40:00.000Z,Men's Basketball Championship - East Region - First Four,TRNMNT,NCAA,False,True,2.5,2.5,First Four,<5,-1.3057968616485596,1.7388406276702881,0.7873914122581482,1.54855078458786,-0.06898726820945739,-0.06898726820945739,-0.06898726820945739
LightGBMRegressionL2Blend,18288,2023-03-16T01:10:00.000Z,10,189,Arizona State,Nevada,25.0,0.2944920063018799,24.70550799369812,1,-2.5,,2023,2023,1.0985112190246582,2023-03-16T01:10:00.000Z,Men's Basketball Championship - West Region - First Four,TRNMNT,NCAA,False,True,2.5,2.5,First Four,<5,0.2944920063018799,2.058898401260376,1.507521402835846,1.94862300157547,0.8171044945716858,0.8171044945716858,0.8171044945716858
LightGBMRegressionL2Blend,18297,2023-03-16T16:15:00.000Z,160,347,Maryland,West Virginia,2.0,1.1507493257522583,0.8492506742477417,1,2.5,,2023,2023,-0.008451879024505615,2023-03-16T16:15:00.000Z,Men's Basketball Championship - South Region - 1st Round,TRNMNT,NCAA,False,True,-2.5,2.5,Round of 64,<5,1.1507493257522583,-1.7698501348495483,-0.8571628034114838,-1.5873126685619354,0.3972685426473618,0.3972685426473618,0.3972685426473618
LightGBMRegressionL2Blend,18298,2023-03-16T16:40:00.000Z,339,93,Virginia,Furman,-1.0,4.006317138671875,5.006317138671875,1,-5.5,,2023,2023,5.1528167724609375,2023-03-16T16:40:00.000Z,Men's Basketball Championship - South Region - 1st Round,TRNMNT,NCAA,False,True,5.5,5.5,Round of 64,5-10,4.006317138671875,5.201263427734375,4.827842712402344,5.126579284667969,4.7515419006347654,4.7515419006347654,4.7515419006347654
LightGBMRegressionL2Blend,18299,2023-03-16T17:40:00.000Z,177,329,Missouri,Utah State,11.0,-3.447761058807373,14.447761058807373,0,1.5,,2023,2023,-3.6422784328460693,2023-03-16T17:40:00.000Z,Men's Basketball Championship - South Region - 1st Round,TRNMNT,NCAA,False,True,-1.5,1.5,Round of 64,<5,-3.447761058807373,-1.8895522117614747,-2.376492476463318,-1.9869402647018433,-3.5741973519325256,-3.5741973519325256,-3.5741973519325256
LightGBMRegressionL2Blend,18300,2023-03-16T18:00:00.000Z,131,114,Kansas,Howard,28.0,18.600627899169922,9.399372100830078,1,-21.5,,2023,2023,16.358848571777344,2023-03-16T18:00:00.000Z,Men's Basketball Championship - West Region - 1st Round,TRNMNT,NCAA,False,True,21.5,21.5,Round of 64,15+,18.600627899169922,20.920125579833982,20.195282554626466,20.77515697479248,17.143471336364748,17.143471336364748,17.143471336364748
LightGBMRegressionL2Blend,18301,2023-03-16T19:15:00.000Z,5,294,Alabama,Texas A&M-Corpus Christi,21.0,21.457199096679688,0.4571990966796875,1,-24.5,,2023,2023,18.01142120361328,2023-03-16T19:15:00.000Z,Men's Basketball Championship - South Region - 1st Round,TRNMNT,NCAA,False,True,24.5,24.5,Round of 64,15+,21.457199096679688,23.891439819335936,23.130739593505858,23.739299774169922,19.217443466186523,19.217443466186523,19.217443466186523
LightGBMRegressionL2Blend,18302,2023-03-16T19:25:00.000Z,257,46,San Diego State,Charleston,6.0,4.982192039489746,1.017807960510254,1,-5.5,,2023,2023,11.613542556762695,2023-03-16T19:25:00.000Z,Men's Basketball Championship - South Region - 1st Round,TRNMNT,NCAA,False,True,5.5,5.5,Round of 64,5-10,4.982192039489746,5.396438407897949,5.2669864177703865,5.3705480098724365,9.292569875717163,9.292569875717163,9.292569875717163
LightGBMRegressionL2Blend,18303,2023-03-16T20:10:00.000Z,11,234,Arizona,Princeton,-4.0,8.825918197631836,12.825918197631836,1,-14.5,,2023,2023,9.921531677246094,2023-03-16T20:10:00.000Z,Men's Basketball Championship - South Region - 1st Round,TRNMNT,NCAA,False,True,14.5,14.5,Round of 64,10-15,8.825918197631836,13.365183639526368,11.946663188934327,13.081479549407959,9.538066959381103,9.538066959381103,9.538066959381103
LightGBMRegressionL2Blend,18304,2023-03-16T20:34:00.000Z,12,118,Arkansas,Illinois,10.0,0.005270279943943024,9.994729720056057,1,-2.5,,2023,2023,2.044041872024536,2023-03-16T20:34:00.000Z,Men's Basketball Championship - West Region - 1st Round,TRNMNT,NCAA,False,True,2.5,2.5,Round of 64,<5,0.005270279943943024,2.0010540559887886,1.3773716259747744,1.8763175699859858,1.3304718147963286,1.3304718147963286,1.3304718147963286
LightGBMRegressionL2Blend,18305,2023-03-16T22:50:00.000Z,124,16,Iowa,Auburn,-8.0,1.9270931482315063,9.927093148231506,1,2.5,,2023,2023,-1.6822664737701416,2023-03-16T22:50:00.000Z,Men's Basketball Championship - Midwest Region - 1st Round,TRNMNT,NCAA,False,True,-2.5,2.5,Round of 64,<5,1.9270931482315063,-1.6145813703536989,-0.5078080832958223,-1.3932267129421234,-0.41899060606956484,-0.41899060606956484,-0.41899060606956484
LightGBMRegressionL2Blend,18306,2023-03-16T23:10:00.000Z,72,222,Duke,Oral Roberts,23.0,6.16855001449585,16.83144998550415,1,-5.5,,2023,2023,6.124698638916016,2023-03-16T23:10:00.000Z,Men's Basketball Championship - East Region - 1st Round,TRNMNT,NCAA,False,True,5.5,5.5,Round of 64,5-10,6.16855001449585,5.63371000289917,5.800847506523132,5.667137503623962,6.140046620368958,6.140046620368958,6.140046620368958
LightGBMRegressionL2Blend,18307,2023-03-16T23:35:00.000Z,212,25,Northwestern,Boise State,8.0,-1.4839304685592651,9.483930468559265,0,-1.5,,2023,2023,-1.8233281373977661,2023-03-16T23:35:00.000Z,Men's Basketball Championship - West Region - 1st Round,TRNMNT,NCAA,False,True,1.5,1.5,Round of 64,<5,-1.4839304685592651,0.9032139062881472,0.15723128914833084,0.7540173828601837,-1.7045389533042907,-1.7045389533042907,-1.7045389533042907
LightGBMRegressionL2Blend,18308,2023-03-16T23:50:00.000Z,295,55,Texas,Colgate,20.0,8.763444900512695,11.236555099487305,1,-12.5,,2023,2023,11.337934494018555,2023-03-16T23:50:00.000Z,Men's Basketball Championship - Midwest Region - 1st Round,TRNMNT,NCAA,False,True,12.5,12.5,Round of 64,10-15,8.763444900512695,11.752688980102539,10.818550205230714,11.565861225128174,10.436863136291503,10.436863136291503,10.436863136291503
LightGBMRegressionL2Blend,18309,2023-03-17T01:39:00.000Z,113,210,Houston,Northern Kentucky,11.0,16.532825469970703,5.532825469970703,1,-19.5,,2023,2023,14.36369514465332,2023-03-17T01:39:00.000Z,Men's Basketball Championship - Midwest Region - 1st Round,TRNMNT,NCAA,False,True,19.5,19.5,Round of 64,15+,16.532825469970703,18.906565093994143,18.164771461486815,18.758206367492676,15.122890758514405,15.122890758514405,15.122890758514405
LightGBMRegressionL2Blend,18310,2023-03-17T01:40:00.000Z,292,148,Tennessee,Louisiana,3.0,10.739355087280273,7.739355087280273,1,-11.5,,2023,2023,13.431385040283203,2023-03-17T01:40:00.000Z,Men's Basketball Championship - East Region - 1st Round,TRNMNT,NCAA,False,True,11.5,11.5,Round of 64,10-15,10.739355087280273,11.347871017456056,11.157709789276122,11.309838771820068,12.489174556732179,12.489174556732179,12.489174556732179
LightGBMRegressionL2Blend,18311,2023-03-17T02:11:00.000Z,313,319,UCLA,UNC Asheville,33.0,14.293240547180176,18.706759452819824,1,-17.5,,2023,2023,13.604352951049805,2023-03-17T02:11:00.000Z,Men's Basketball Championship - West Region - 1st Round,TRNMNT,NCAA,False,True,17.5,17.5,Round of 64,15+,14.293240547180176,16.858648109436036,16.056958246231076,16.698310136795044,13.845463609695436,13.845463609695436,13.845463609695436
LightGBMRegressionL2Blend,18312,2023-03-17T02:15:00.000Z,293,226,Texas A&M,Penn State,-17.0,5.117432594299316,22.117432594299316,1,-2.5,,2023,2023,2.762235403060913,2023-03-17T02:15:00.000Z,Men's Basketball Championship - Midwest Region - 1st Round,TRNMNT,NCAA,False,True,2.5,2.5,Round of 64,<5,5.117432594299316,3.0234865188598627,3.6778446674346923,3.154358148574829,3.5865544199943544,3.5865544199943544,3.5865544199943544
LightGBMRegressionL2Blend,18313,2023-03-17T16:15:00.000Z,169,323,Michigan State,USC,10.0,-0.08241656422615051,10.08241656422615,0,-2.5,,2023,2023,2.464320182800293,2023-03-17T16:15:00.000Z,Men's Basketball Championship - East Region - 1st Round,TRNMNT,NCAA,False,True,2.5,2.5,Round of 64,<5,-0.08241656422615051,1.9835166871547698,1.3379125460982322,1.8543958589434624,1.5729623213410378,1.5729623213410378,1.5729623213410378
LightGBMRegressionL2Blend,18314,2023-03-17T16:40:00.000Z,359,133,Xavier,Kennesaw State,5.0,8.90655517578125,3.90655517578125,1,-12.5,,2023,2023,6.6907243728637695,2023-03-17T16:40:00.000Z,Men's Basketball Championship - Midwest Region - 1st Round,TRNMNT,NCAA,False,True,12.5,12.5,Round of 64,10-15,8.90655517578125,11.78131103515625,10.882949829101562,11.601638793945312,7.466265153884888,7.466265153884888,7.466265153884888
LightGBMRegressionL2Blend,18315,2023-03-17T17:30:00.000Z,20,311,Baylor,UC Santa Barbara,18.0,8.182731628417969,9.817268371582031,1,-10.5,,2023,2023,7.182546615600586,2023-03-17T17:30:00.000Z,Men's Basketball Championship - South Region - 1st Round,TRNMNT,NCAA,False,True,10.5,10.5,Round of 64,10-15,8.182731628417969,10.036546325683593,9.457229232788086,9.920682907104492,7.53261137008667,7.53261137008667,7.53261137008667
LightGBMRegressionL2Blend,18316,2023-03-17T18:00:00.000Z,253,333,Saint Mary's,VCU,12.0,3.9176015853881836,8.082398414611816,1,-3.5,,2023,2023,5.890111923217773,2023-03-17T18:00:00.000Z,Men's Basketball Championship - West Region - 1st Round,TRNMNT,NCAA,False,True,3.5,3.5,Round of 64,<5,3.9176015853881836,3.583520317077637,3.687920713424683,3.604400396347046,5.199733304977417,5.199733304977417,5.199733304977417
LightGBMRegressionL2Blend,18317,2023-03-17T18:51:00.000Z,157,337,Marquette,Vermont,17.0,3.7878193855285645,13.212180614471436,1,-10.5,,2023,2023,7.478395462036133,2023-03-17T18:51:00.000Z,Men's Basketball Championship - East Region - 1st Round,TRNMNT,NCAA,False,True,10.5,10.5,Round of 64,10-15,3.7878193855285645,9.157563877105712,7.479518723487854,8.821954846382141,6.186693835258485,6.186693835258485,6.186693835258485
LightGBMRegressionL2Blend,18318,2023-03-17T19:30:00.000Z,125,229,Iowa State,Pittsburgh,-18.0,4.287034511566162,22.287034511566162,1,-4.5,,2023,2023,5.562849998474121,2023-03-17T19:30:00.000Z,Men's Basketball Championship - Midwest Region - 1st Round,TRNMNT,NCAA,False,True,4.5,4.5,Round of 64,<5,4.287034511566162,4.457406902313233,4.404165530204773,4.4467586278915405,5.116314578056335,5.116314578056335,5.116314578056335
LightGBMRegressionL2Blend,18319,2023-03-17T19:56:00.000Z,61,185,Creighton,NC State,9.0,4.9920501708984375,4.0079498291015625,1,-5.5,,2023,2023,14.008764266967773,2023-03-17T19:56:00.000Z,Men's Basketball Championship - South Region - 1st Round,TRNMNT,NCAA,False,True,5.5,5.5,Round of 64,5-10,4.9920501708984375,5.398410034179688,5.271422576904297,5.373012542724609,10.852914333343506,10.852914333343506,10.852914333343506
LightGBMRegressionL2Blend,18320,2023-03-17T20:45:00.000Z,314,123,UConn,Iona,24.0,4.972997665405273,19.027002334594727,1,-9.5,,2023,2023,8.576541900634766,2023-03-17T20:45:00.000Z,Men's Basketball Championship - West Region - 1st Round,TRNMNT,NCAA,False,True,9.5,9.5,Round of 64,5-10,4.972997665405273,8.594599533081055,7.462848949432374,8.368249416351318,7.315301418304443,7.315301418304443,7.315301418304443
LightGBMRegressionL2Blend,18321,2023-03-17T22:50:00.000Z,236,84,Purdue,Fairleigh Dickinson,-5.0,21.235055923461914,26.235055923461914,1,-23.5,,2023,2023,18.071626663208008,2023-03-17T22:50:00.000Z,Men's Basketball Championship - East Region - 1st Round,TRNMNT,NCAA,False,True,23.5,23.5,Round of 64,15+,21.235055923461914,23.047011184692384,22.48077516555786,22.93376398086548,19.178826904296873,19.178826904296873,19.178826904296873
LightGBMRegressionL2Blend,18322,2023-03-17T23:10:00.000Z,135,235,Kentucky,Providence,8.0,4.276140213012695,3.7238597869873047,1,-4.5,,2023,2023,1.7661423683166504,2023-03-17T23:10:00.000Z,Men's Basketball Championship - East Region - 1st Round,TRNMNT,NCAA,False,True,4.5,4.5,Round of 64,<5,4.276140213012695,4.455228042602539,4.399263095855713,4.444035053253174,2.6446416139602658,2.6446416139602658,2.6446416139602658
LightGBMRegressionL2Blend,18323,2023-03-17T23:35:00.000Z,102,104,Gonzaga,Grand Canyon,12.0,10.239425659179688,1.7605743408203125,1,-15.5,,2023,2023,10.815521240234375,2023-03-17T23:35:00.000Z,Men's Basketball Championship - West Region - 1st Round,TRNMNT,NCAA,False,True,15.5,15.5,Round of 64,15+,10.239425659179688,14.447885131835937,13.132741546630859,14.184856414794922,10.613887786865234,10.613887786865234,10.613887786865234
LightGBMRegressionL2Blend,18324,2023-03-17T23:55:00.000Z,168,70,Miami,Drake,7.0,-0.6528443694114685,7.6528443694114685,0,-2.5,,2023,2023,-1.9298076629638672,2023-03-17T23:55:00.000Z,Men's Basketball Championship - Midwest Region - 1st Round,TRNMNT,NCAA,False,True,2.5,2.5,Round of 64,<5,-0.6528443694114685,1.8694311261177063,1.0812200337648392,1.7117889076471329,-1.4828705102205277,-1.4828705102205277,-1.4828705102205277
LightGBMRegressionL2Blend,18325,2023-03-18T01:44:00.000Z,163,86,Memphis,Florida Atlantic,-1.0,-3.2439162731170654,2.2439162731170654,0,-1.5,,2023,2023,1.491514801979065,2023-03-18T01:44:00.000Z,Men's Basketball Championship - East Region - 1st Round,TRNMNT,NCAA,False,True,1.5,1.5,Round of 64,<5,-3.2439162731170654,0.5512167453765873,-0.6347623229026792,0.31402093172073364,-0.16588607430458058,-0.16588607430458058,-0.16588607430458058
LightGBMRegressionL2Blend,18326,2023-03-18T01:55:00.000Z,132,180,Kansas State,Montana State,12.0,2.9310829639434814,9.068917036056519,1,-7.5,,2023,2023,5.58078670501709,2023-03-18T01:55:00.000Z,Men's Basketball Championship - East Region - 1st Round,TRNMNT,NCAA,False,True,7.5,7.5,Round of 64,5-10,2.9310829639434814,6.586216592788697,5.443987333774567,6.35777074098587,4.653390395641327,4.653390395641327,4.653390395641327
LightGBMRegressionL2Blend,18327,2023-03-18T02:05:00.000Z,287,10,TCU,Arizona State,2.0,1.519921064376831,0.48007893562316895,1,-5.5,,2023,2023,2.578723192214966,2023-03-18T02:05:00.000Z,Men's Basketball Championship - West Region - 1st Round,TRNMNT,NCAA,False,True,5.5,5.5,Round of 64,5-10,1.519921064376831,4.703984212875366,3.708964478969574,4.504980266094208,2.2081424474716185,2.2081424474716185,2.2081424474716185
LightGBMRegressionL2Blend,18328,2023-03-18T02:35:00.000Z,121,134,Indiana,Kent State,11.0,2.799172878265381,8.20082712173462,1,-3.5,,2023,2023,3.070502281188965,2023-03-18T02:35:00.000Z,Men's Basketball Championship - Midwest Region - 1st Round,TRNMNT,NCAA,False,True,3.5,3.5,Round of 64,<5,2.799172878265381,3.3598345756530765,3.1846277952194217,3.324793219566345,2.9755369901657103,2.9755369901657103,2.9755369901657103
LightGBMRegressionL2Blend,18329,2023-03-18T16:10:00.000Z,257,93,San Diego State,Furman,23.0,6.805457592010498,16.194542407989502,1,-4.5,,2023,2023,7.520630836486816,2023-03-18T16:10:00.000Z,Men's Basketball Championship - South Region - 2nd Round,TRNMNT,NCAA,False,True,4.5,4.5,Round of 32,<5,6.805457592010498,4.9610915184021,5.537455916404724,5.0763643980026245,7.270320200920105,7.270320200920105,7.270320200920105
LightGBMRegressionL2Blend,18330,2023-03-18T18:54:00.000Z,292,72,Tennessee,Duke,13.0,0.3931249976158142,12.606875002384186,1,3.5,,2023,2023,1.8423428535461426,2023-03-18T18:54:00.000Z,Men's Basketball Championship - East Region - 2nd Round,TRNMNT,NCAA,False,True,-3.5,3.5,Round of 32,<5,0.3931249976158142,-2.7213750004768373,-1.7480937510728838,-2.5267187505960464,1.3351166039705278,1.3351166039705278,1.3351166039705278
LightGBMRegressionL2Blend,18331,2023-03-18T21:25:00.000Z,131,12,Kansas,Arkansas,-1.0,1.300413966178894,2.300413966178894,1,-3.5,,2023,2023,2.3978970050811768,2023-03-18T21:25:00.000Z,Men's Basketball Championship - West Region - 2nd Round,TRNMNT,NCAA,False,True,3.5,3.5,Round of 32,<5,1.300413966178894,3.060082793235779,2.5101862847805023,2.9501034915447235,2.013777941465378,2.013777941465378,2.013777941465378
LightGBMRegressionL2Blend,18332,2023-03-18T22:10:00.000Z,177,234,Missouri,Princeton,-15.0,1.9921756982803345,16.992175698280334,1,-6.5,,2023,2023,3.413973093032837,2023-03-18T22:10:00.000Z,Men's Basketball Championship - South Region - 2nd Round,TRNMNT,NCAA,False,True,6.5,6.5,Round of 32,5-10,1.9921756982803345,5.5984351396560665,4.47147906422615,5.373043924570084,2.916344004869461,2.916344004869461,2.916344004869461
LightGBMRegressionL2Blend,18333,2023-03-18T23:10:00.000Z,113,16,Houston,Auburn,17.0,8.854419708251953,8.145580291748047,1,-5.5,,2023,2023,5.587814807891846,2023-03-18T23:10:00.000Z,Men's Basketball Championship - Midwest Region - 2nd Round,TRNMNT,NCAA,False,True,5.5,5.5,Round of 32,5-10,8.854419708251953,6.1708839416503904,7.009488868713379,6.338604927062988,6.731126523017883,6.731126523017883,6.731126523017883
LightGBMRegressionL2Blend,18334,2023-03-19T00:17:00.000Z,295,226,Texas,Penn State,5.0,8.032147407531738,3.0321474075317383,1,-5.5,,2023,2023,5.912755012512207,2023-03-19T00:17:00.000Z,Men's Basketball Championship - Midwest Region - 2nd Round,TRNMNT,NCAA,False,True,5.5,5.5,Round of 32,5-10,8.032147407531738,6.0064294815063475,6.639466333389282,6.133036851882935,6.654542350769043,6.654542350769043,6.654542350769043
LightGBMRegressionL2Blend,18335,2023-03-19T00:50:00.000Z,313,212,UCLA,Northwestern,5.0,7.222786903381348,2.2227869033813477,1,-7.5,,2023,2023,6.974879741668701,2023-03-19T00:50:00.000Z,Men's Basketball Championship - West Region - 2nd Round,TRNMNT,NCAA,False,True,7.5,7.5,Round of 32,5-10,7.222786903381348,7.444557380676269,7.375254106521606,7.430696725845337,7.061647248268128,7.061647248268128,7.061647248268128
LightGBMRegressionL2Blend,18336,2023-03-19T02:02:00.000Z,5,160,Alabama,Maryland,22.0,6.0052385330200195,15.99476146697998,1,-8.5,,2023,2023,5.616856098175049,2023-03-19T02:02:00.000Z,Men's Basketball Championship - South Region - 2nd Round,TRNMNT,NCAA,False,True,8.5,8.5,Round of 32,5-10,6.0052385330200195,8.001047706604005,7.377357339859009,7.876309633255005,5.752789950370788,5.752789950370788,5.752789950370788
LightGBMRegressionL2Blend,18343,2023-03-19T16:10:00.000Z,359,229,Xavier,Pittsburgh,11.0,5.963743209838867,5.036256790161133,1,-5.5,,2023,2023,4.33872127532959,2023-03-19T16:10:00.000Z,Men's Basketball Championship - Midwest Region - 2nd Round,TRNMNT,NCAA,False,True,5.5,5.5,Round of 32,5-10,5.963743209838867,5.592748641967773,5.70868444442749,5.615935802459717,4.907478952407837,4.907478952407837,4.907478952407837
LightGBMRegressionL2Blend,18344,2023-03-19T18:55:00.000Z,132,135,Kansas State,Kentucky,6.0,-4.76458740234375,10.76458740234375,0,3.5,,2023,2023,-1.5583958625793457,2023-03-19T18:55:00.000Z,Men's Basketball Championship - East Region - 2nd Round,TRNMNT,NCAA,False,True,-3.5,3.5,Round of 32,<5,-4.76458740234375,-3.75291748046875,-4.069064331054688,-3.8161468505859375,-2.680562901496887,-2.680562901496887,-2.680562901496887
LightGBMRegressionL2Blend,18345,2023-03-19T21:15:00.000Z,157,169,Marquette,Michigan State,-9.0,4.72233247756958,13.72233247756958,1,-2.5,,2023,2023,3.234311103820801,2023-03-19T21:15:00.000Z,Men's Basketball Championship - East Region - 2nd Round,TRNMNT,NCAA,False,True,2.5,2.5,Round of 32,<5,4.72233247756958,2.944466495513916,3.500049614906311,3.055583119392395,3.755118584632873,3.755118584632873,3.755118584632873
LightGBMRegressionL2Blend,18346,2023-03-19T22:10:00.000Z,314,253,UConn,Saint Mary's,15.0,2.6848456859588623,12.315154314041138,1,-4.5,,2023,2023,3.605503559112549,2023-03-19T22:10:00.000Z,Men's Basketball Championship - West Region - 2nd Round,TRNMNT,NCAA,False,True,4.5,4.5,Round of 32,<5,2.6848456859588623,4.136969137191772,3.683180558681488,4.046211421489716,3.283273303508759,3.283273303508759,3.283273303508759
LightGBMRegressionL2Blend,18347,2023-03-19T23:10:00.000Z,20,61,Baylor,Creighton,-9.0,-1.067634105682373,7.932365894317627,0,1.5,,2023,2023,0.2533879280090332,2023-03-19T23:10:00.000Z,Men's Basketball Championship - South Region - 2nd Round,TRNMNT,NCAA,False,True,-1.5,1.5,Round of 32,<5,-1.067634105682373,-1.4135268211364747,-1.305435347557068,-1.3919085264205933,-0.20896978378295897,-0.20896978378295897,-0.20896978378295897
LightGBMRegressionL2Blend,18348,2023-03-20T00:06:00.000Z,86,84,Florida Atlantic,Fairleigh Dickinson,8.0,17.55966567993164,9.55966567993164,1,-16.5,,2023,2023,14.487190246582031,2023-03-20T00:06:00.000Z,Men's Basketball Championship - East Region - 2nd Round,TRNMNT,NCAA,False,True,16.5,16.5,Round of 32,15+,17.55966567993164,16.711933135986328,16.97684955596924,16.76491641998291,15.562556648254393,15.562556648254393,15.562556648254393
LightGBMRegressionL2Blend,18349,2023-03-20T00:40:00.000Z,121,168,Indiana,Miami,-16.0,0.7644920349121094,16.76449203491211,1,-1.5,,2023,2023,1.984470009803772,2023-03-20T00:40:00.000Z,Men's Basketball Championship - Midwest Region - 2nd Round,TRNMNT,NCAA,False,True,1.5,1.5,Round of 32,<5,0.7644920349121094,1.3528984069824221,1.1690214157104493,1.3161230087280273,1.5574777185916902,1.5574777185916902,1.5574777185916902
LightGBMRegressionL2Blend,18350,2023-03-20T01:52:00.000Z,102,287,Gonzaga,TCU,3.0,3.4809300899505615,0.4809300899505615,1,-4.5,,2023,2023,4.440651893615723,2023-03-20T01:52:00.000Z,Men's Basketball Championship - West Region - 2nd Round,TRNMNT,NCAA,False,True,4.5,4.5,Round of 32,<5,3.4809300899505615,4.296186017990112,4.0414185404777525,4.24523252248764,4.104749262332916,4.104749262332916,4.104749262332916
LightGBMRegressionL2Blend,18372,2023-03-23T22:30:00.000Z,132,169,Kansas State,Michigan State,5.0,0.7465975880622864,4.253402411937714,1,-1.5,,2023,2023,-1.1973329782485962,2023-03-23T22:30:00.000Z,Men's Basketball Championship - East Region - Sweet 16,TRNMNT,NCAA,False,True,1.5,1.5,Sweet 16,<5,0.7465975880622864,1.3493195176124575,1.1609689146280289,1.3116493970155716,-0.5169572800397872,-0.5169572800397872,-0.5169572800397872
LightGBMRegressionL2Blend,18373,2023-03-23T23:15:00.000Z,314,12,UConn,Arkansas,23.0,4.351723670959473,18.648276329040527,1,-3.5,,2023,2023,5.539599895477295,2023-03-23T23:15:00.000Z,Men's Basketball Championship - West Region - Sweet 16,TRNMNT,NCAA,False,True,3.5,3.5,Sweet 16,<5,4.351723670959473,3.6703447341918944,3.883275651931763,3.712930917739868,5.1238432168960575,5.1238432168960575,5.1238432168960575
LightGBMRegressionL2Blend,18374,2023-03-24T01:36:00.000Z,292,86,Tennessee,Florida Atlantic,-7.0,3.287531852722168,10.287531852722168,1,-4.5,,2023,2023,4.826256275177002,2023-03-24T01:36:00.000Z,Men's Basketball Championship - East Region - Sweet 16,TRNMNT,NCAA,False,True,4.5,4.5,Sweet 16,<5,3.287531852722168,4.257506370544434,3.9543893337249756,4.196882963180542,4.28770272731781,4.28770272731781,4.28770272731781
LightGBMRegressionL2Blend,18375,2023-03-24T02:04:00.000Z,313,102,UCLA,Gonzaga,-3.0,1.122951626777649,4.122951626777649,1,1.5,,2023,2023,1.8130037784576416,2023-03-24T02:04:00.000Z,Men's Basketball Championship - West Region - Sweet 16,TRNMNT,NCAA,False,True,-1.5,1.5,Sweet 16,<5,1.122951626777649,-0.9754096746444705,-0.31967176795005814,-0.8442620933055878,1.5714855253696443,1.5714855253696443,1.5714855253696443
LightGBMRegressionL2Blend,18376,2023-03-24T22:30:00.000Z,5,257,Alabama,San Diego State,-7.0,0.8959643840789795,7.8959643840789795,1,-6.5,,2023,2023,2.8750686645507812,2023-03-24T22:30:00.000Z,Men's Basketball Championship - South Region - Sweet 16,TRNMNT,NCAA,False,True,6.5,6.5,Sweet 16,5-10,0.8959643840789795,5.379192876815796,3.978183972835541,5.098991096019745,2.1823821663856506,2.1823821663856506,2.1823821663856506
LightGBMRegressionL2Blend,18377,2023-03-24T23:15:00.000Z,113,168,Houston,Miami,-14.0,8.87158203125,22.87158203125,1,-8.5,,2023,2023,5.4574713706970215,2023-03-24T23:15:00.000Z,Men's Basketball Championship - Midwest Region - Sweet 16,TRNMNT,NCAA,False,True,8.5,8.5,Sweet 16,5-10,8.87158203125,8.57431640625,8.6672119140625,8.5928955078125,6.652410101890563,6.652410101890563,6.652410101890563
LightGBMRegressionL2Blend,18378,2023-03-25T01:27:00.000Z,61,234,Creighton,Princeton,11.0,5.556993007659912,5.443006992340088,1,-10.5,,2023,2023,7.597257137298584,2023-03-25T01:27:00.000Z,Men's Basketball Championship - South Region - Sweet 16,TRNMNT,NCAA,False,True,10.5,10.5,Sweet 16,10-15,5.556993007659912,9.511398601531983,8.275646853446961,9.264248251914978,6.8831646919250495,6.8831646919250495,6.8831646919250495
LightGBMRegressionL2Blend,18379,2023-03-25T01:59:00.000Z,295,359,Texas,Xavier,12.0,1.3132977485656738,10.686702251434326,1,-4.5,,2023,2023,2.7919278144836426,2023-03-25T01:59:00.000Z,Men's Basketball Championship - Midwest Region - Sweet 16,TRNMNT,NCAA,False,True,4.5,4.5,Sweet 16,<5,1.3132977485656738,3.862659549713135,3.0659839868545533,3.7033244371414185,2.2744072914123534,2.2744072914123534,2.2744072914123534
LightGBMRegressionL2Blend,18380,2023-03-25T22:09:00.000Z,132,86,Kansas State,Florida Atlantic,-3.0,-1.7974936962127686,1.2025063037872314,0,-0.5,,2023,2023,-0.027731597423553467,2023-03-25T22:09:00.000Z,Men's Basketball Championship - East Region - Elite 8,TRNMNT,NCAA,False,True,0.5,0.5,Elite 8,<5,-1.7974936962127686,0.04050126075744637,-0.5338721632957457,-0.07437342405319214,-0.6471483319997787,-0.6471483319997787,-0.6471483319997787
LightGBMRegressionL2Blend,18381,2023-03-26T00:59:00.000Z,102,314,Gonzaga,UConn,-28.0,-0.13768696784973145,27.86231303215027,0,2.5,,2023,2023,-1.115983009338379,2023-03-26T00:59:00.000Z,Men's Basketball Championship - West Region - Elite 8,TRNMNT,NCAA,False,True,-2.5,2.5,Elite 8,<5,-0.13768696784973145,-2.027537393569946,-1.4369591355323792,-1.9094217419624329,-0.7735793948173524,-0.7735793948173524,-0.7735793948173524
LightGBMRegressionL2Blend,18382,2023-03-26T18:20:00.000Z,257,61,San Diego State,Creighton,1.0,1.6590309143066406,0.6590309143066406,1,2.5,,2023,2023,-2.1238861083984375,2023-03-26T18:20:00.000Z,Men's Basketball Championship - South Region - Elite 8,TRNMNT,NCAA,False,True,-2.5,2.5,Elite 8,<5,1.6590309143066406,-1.6681938171386719,-0.6284360885620118,-1.4602422714233398,-0.7998651504516603,-0.7998651504516603,-0.7998651504516603
LightGBMRegressionL2Blend,18383,2023-03-26T21:10:00.000Z,295,168,Texas,Miami,-7.0,4.169282913208008,11.169282913208008,1,-3.5,,2023,2023,4.470417499542236,2023-03-26T21:10:00.000Z,Men's Basketball Championship - Midwest Region - Elite 8,TRNMNT,NCAA,False,True,3.5,3.5,Elite 8,<5,4.169282913208008,3.6338565826416014,3.8011773109436033,3.667320728302002,4.365020394325256,4.365020394325256,4.365020394325256
LightGBMRegressionL2Blend,18387,2023-04-01T22:09:00.000Z,257,86,San Diego State,Florida Atlantic,1.0,1.4967129230499268,0.49671292304992676,1,-2.5,,2023,2023,1.064624309539795,2023-04-01T22:09:00.000Z,Men's Basketball Championship - Final Four,TRNMNT,NCAA,False,True,2.5,2.5,Final Four,<5,1.4967129230499268,2.2993425846099855,2.048520815372467,2.2491782307624817,1.215855324268341,1.215855324268341,1.215855324268341
LightGBMRegressionL2Blend,18388,2023-04-02T01:16:00.000Z,314,168,UConn,Miami,13.0,6.671005725860596,6.328994274139404,1,-5.5,,2023,2023,6.052894592285156,2023-04-02T01:16:00.000Z,Men's Basketball Championship - Final Four,TRNMNT,NCAA,False,True,5.5,5.5,Final Four,5-10,6.671005725860596,5.734201145172119,6.026952576637268,5.792751431465149,6.26923348903656,6.26923348903656,6.26923348903656
LightGBMRegressionL2Blend,18389,2023-04-04T01:20:00.000Z,314,257,UConn,San Diego State,17.0,2.250309944152832,14.749690055847168,1,-7.5,,2023,2023,5.197763919830322,2023-04-04T01:20:00.000Z,Men's Basketball Championship - National Championship,TRNMNT,NCAA,False,True,7.5,7.5,Championship,5-10,2.250309944152832,6.450061988830567,5.137639474868775,6.187577486038208,4.1661550283432005,4.1661550283432005,4.1661550283432005
LightGBMRegressionL2Blend,12010,2024-03-19T22:40:00.000Z,114,341,Howard,Wagner,-3.0,1.3657047748565674,4.365704774856567,1,-3.5,,2024,2024,1.0014848709106445,2024-03-19T22:40:00.000Z,Men's Basketball Championship - West Region - First Four,TRNMNT,NCAA,False,True,3.5,3.5,First Four,<5,1.3657047748565674,3.0731409549713136,2.5395671486854554,3.0731409549713136,1.1289618372917176,1.1289618372917176,1.1289618372917176
LightGBMRegressionL2Blend,12009,2024-03-20T01:10:00.000Z,339,57,Virginia,Colorado State,-25.0,0.7566916942596436,25.756691694259644,1,2.5,,2024,2024,-1.618039846420288,2024-03-20T01:10:00.000Z,Men's Basketball Championship - Midwest Region - First Four,TRNMNT,NCAA,False,True,-2.5,2.5,First Four,<5,0.7566916942596436,-1.8486616611480713,-1.0344887375831604,-1.8486616611480713,-0.7868838071823121,-0.7868838071823121,-0.7868838071823121
LightGBMRegressionL2Blend,12023,2024-03-20T22:40:00.000Z,180,103,Montana State,Grambling,-7.0,4.592357635498047,11.592357635498047,1,,,2024,2024,3.480876922607422,2024-03-20T22:40:00.000Z,Men's Basketball Championship - Midwest Region - First Four,TRNMNT,NCAA,False,True,,,First Four,,4.592357635498047,,,,3.869895172119141,3.869895172119141,3.869895172119141
LightGBMRegressionL2Blend,12022,2024-03-21T01:28:00.000Z,25,56,Boise State,Colorado,-7.0,-0.6948649287223816,6.305135071277618,0,3.5,,2024,2024,-0.8171045184135437,2024-03-21T01:28:00.000Z,Men's Basketball Championship - South Region - First Four,TRNMNT,NCAA,False,True,-3.5,3.5,First Four,<5,-0.6948649287223816,-2.9389729857444764,-2.237689217925072,-2.9389729857444764,-0.774320662021637,-0.774320662021637,-0.774320662021637
LightGBMRegressionL2Blend,12049,2024-03-21T16:15:00.000Z,174,169,Mississippi State,Michigan State,-18.0,-1.100125789642334,16.899874210357666,0,1.5,,2024,2024,-1.0546953678131104,2024-03-21T16:15:00.000Z,Men's Basketball Championship - West Region - 1st Round,TRNMNT,NCAA,False,True,-1.5,1.5,Round of 64,<5,-1.100125789642334,-1.4200251579284668,-1.3200566053390503,-1.4200251579284668,-1.0705960154533387,-1.0705960154533387,-1.0705960154533387
LightGBMRegressionL2Blend,12043,2024-03-21T16:40:00.000Z,18,73,BYU,Duquesne,-4.0,6.983650207519531,10.983650207519531,1,-9.5,,2024,2024,5.956783294677734,2024-03-21T16:40:00.000Z,Men's Basketball Championship - East Region - 1st Round,TRNMNT,NCAA,False,True,9.5,9.5,Round of 64,5-10,6.983650207519531,8.996730041503906,8.367642593383788,8.996730041503906,6.316186714172363,6.316186714172363,6.316186714172363
LightGBMRegressionL2Blend,12038,2024-03-21T17:30:00.000Z,61,3,Creighton,Akron,17.0,9.845589637756348,7.154410362243652,1,-11.5,,2024,2024,11.357093811035156,2024-03-21T17:30:00.000Z,Men's Basketball Championship - Midwest Region - 1st Round,TRNMNT,NCAA,False,True,11.5,11.5,Round of 64,10-15,9.845589637756348,11.16911792755127,10.755515336990356,11.16911792755127,10.828067350387574,10.828067350387574,10.828067350387574
LightGBMRegressionL2Blend,12035,2024-03-21T18:00:00.000Z,11,145,Arizona,Long Beach State,20.0,14.56445598602295,5.435544013977051,1,-20.5,,2024,2024,16.609657287597656,2024-03-21T18:00:00.000Z,Men's Basketball Championship - West Region - 1st Round,TRNMNT,NCAA,False,True,20.5,20.5,Round of 64,15+,14.56445598602295,19.312891197204593,17.829005193710326,19.312891197204593,15.89383683204651,15.89383683204651,15.89383683204651
LightGBMRegressionL2Blend,12034,2024-03-21T18:45:00.000Z,200,341,North Carolina,Wagner,28.0,20.039886474609375,7.960113525390625,1,-25.5,,2024,2024,18.712997436523438,2024-03-21T18:45:00.000Z,Men's Basketball Championship - West Region - 1st Round,TRNMNT,NCAA,False,True,25.5,25.5,Round of 64,15+,20.039886474609375,24.407977294921878,23.042948913574218,24.407977294921878,19.177408599853514,19.177408599853514,19.177408599853514
LightGBMRegressionL2Blend,12039,2024-03-21T19:30:00.000Z,118,181,Illinois,Morehead State,16.0,10.245408058166504,5.754591941833496,1,-10.5,,2024,2024,9.595466613769531,2024-03-21T19:30:00.000Z,Men's Basketball Championship - East Region - 1st Round,TRNMNT,NCAA,False,True,10.5,10.5,Round of 64,10-15,10.245408058166504,10.4490816116333,10.385433626174926,10.4490816116333,9.822946119308472,9.822946119308472,9.822946119308472
LightGBMRegressionL2Blend,12044,2024-03-21T20:00:00.000Z,266,223,South Carolina,Oregon,-14.0,-0.5518055558204651,13.448194444179535,0,2.5,,2024,2024,1.0158207416534424,2024-03-21T20:00:00.000Z,Men's Basketball Championship - Midwest Region - 1st Round,TRNMNT,NCAA,False,True,-2.5,2.5,Round of 64,<5,-0.5518055558204651,-2.110361111164093,-1.6233125001192092,-2.110361111164093,0.46715153753757477,0.46715153753757477,0.46715153753757477
LightGBMRegressionL2Blend,12046,2024-03-21T20:45:00.000Z,64,189,Dayton,Nevada,3.0,0.21892696619033813,2.781073033809662,1,1.5,,2024,2024,-1.1335331201553345,2024-03-21T20:45:00.000Z,Men's Basketball Championship - West Region - 1st Round,TRNMNT,NCAA,False,True,-1.5,1.5,Round of 64,<5,0.21892696619033813,-1.1562146067619326,-0.7264828652143479,-1.1562146067619326,-0.6601720899343491,-0.6601720899343491,-0.6601720899343491
LightGBMRegressionL2Blend,12047,2024-03-21T22:50:00.000Z,295,57,Texas,Colorado State,12.0,-0.7023683786392212,12.702368378639221,0,-2.5,,2024,2024,1.816300630569458,2024-03-21T22:50:00.000Z,Men's Basketball Championship - Midwest Region - 1st Round,TRNMNT,NCAA,False,True,2.5,2.5,Round of 64,<5,-0.7023683786392212,1.8595263242721558,1.0589342296123505,1.8595263242721558,0.9347664773464203,0.9347664773464203,0.9347664773464203
LightGBMRegressionL2Blend,12040,2024-03-21T23:20:00.000Z,135,214,Kentucky,Oakland,-4.0,10.621362686157227,14.621362686157227,1,-13.5,,2024,2024,10.12618350982666,2024-03-21T23:20:00.000Z,Men's Basketball Championship - South Region - 1st Round,TRNMNT,NCAA,False,True,13.5,13.5,Round of 64,10-15,10.621362686157227,12.924272537231445,12.204613208770752,12.924272537231445,10.299496221542359,10.299496221542359,10.299496221542359
LightGBMRegressionL2Blend,12036,2024-03-21T23:35:00.000Z,125,270,Iowa State,South Dakota State,17.0,14.223062515258789,2.776937484741211,1,-15.5,,2024,2024,14.30290412902832,2024-03-21T23:35:00.000Z,Men's Basketball Championship - East Region - 1st Round,TRNMNT,NCAA,False,True,15.5,15.5,Round of 64,15+,14.223062515258789,15.244612503051759,14.925378131866456,15.244612503051759,14.274959564208984,14.274959564208984,14.274959564208984
LightGBMRegressionL2Blend,12042,2024-03-21T23:47:00.000Z,102,162,Gonzaga,McNeese,21.0,6.752381324768066,14.247618675231934,1,-6.5,,2024,2024,6.935148239135742,2024-03-21T23:47:00.000Z,Men's Basketball Championship - Midwest Region - 1st Round,TRNMNT,NCAA,False,True,6.5,6.5,Round of 64,5-10,6.752381324768066,6.5504762649536135,6.613571596145629,6.5504762649536135,6.871179819107056,6.871179819107056,6.871179819107056
LightGBMRegressionL2Blend,12037,2024-03-22T01:20:00.000Z,292,254,Tennessee,Saint Peter's,34.0,17.277141571044922,16.722858428955078,1,-21.5,,2024,2024,18.488672256469727,2024-03-22T01:20:00.000Z,Men's Basketball Championship - Midwest Region - 1st Round,TRNMNT,NCAA,False,True,21.5,21.5,Round of 64,15+,17.277141571044922,20.655428314208983,19.599713706970213,20.655428314208983,18.064636516571046,18.064636516571046,18.064636516571046
LightGBMRegressionL2Blend,12045,2024-03-22T02:10:00.000Z,298,185,Texas Tech,NC State,-13.0,3.282494306564331,16.28249430656433,1,-4.5,,2024,2024,9.636445999145508,2024-03-22T02:10:00.000Z,Men's Basketball Championship - South Region - 1st Round,TRNMNT,NCAA,False,True,4.5,4.5,Round of 64,<5,3.282494306564331,4.256498861312866,3.952122437953949,4.256498861312866,7.412562906742096,7.412562906742096,7.412562906742096
LightGBMRegressionL2Blend,12048,2024-03-22T02:12:00.000Z,344,70,Washington State,Drake,5.0,-0.3704516589641571,5.370451658964157,0,,,2024,2024,-0.18445974588394165,2024-03-22T02:12:00.000Z,Men's Basketball Championship - East Region - 1st Round,TRNMNT,NCAA,False,True,,,Round of 64,,-0.3704516589641571,,,,-0.24955691546201708,-0.24955691546201708,-0.24955691546201708
LightGBMRegressionL2Blend,12041,2024-03-22T02:20:00.000Z,131,256,Kansas,Samford,4.0,7.320545196533203,3.320545196533203,1,-7.5,,2024,2024,8.605081558227539,2024-03-22T02:20:00.000Z,Men's Basketball Championship - Midwest Region - 1st Round,TRNMNT,NCAA,False,True,7.5,7.5,Round of 64,5-10,7.320545196533203,7.46410903930664,7.419245338439941,7.46410903930664,8.155493831634521,8.155493831634521,8.155493831634521
LightGBMRegressionL2Blend,12063,2024-03-22T16:15:00.000Z,86,212,Florida Atlantic,Northwestern,-12.0,0.8296631574630737,12.829663157463074,1,-4.5,,2024,2024,-2.6064751148223877,2024-03-22T16:15:00.000Z,Men's Basketball Championship - East Region - 1st Round,TRNMNT,NCAA,False,True,4.5,4.5,Round of 64,<5,0.8296631574630737,3.765932631492615,2.8483484208583834,3.765932631492615,-1.4038267195224763,-1.4038267195224763,-1.4038267195224763
LightGBMRegressionL2Blend,12054,2024-03-22T16:40:00.000Z,20,55,Baylor,Colgate,25.0,8.401674270629883,16.598325729370117,1,-14.5,,2024,2024,12.744861602783203,2024-03-22T16:40:00.000Z,Men's Basketball Championship - West Region - 1st Round,TRNMNT,NCAA,False,True,14.5,14.5,Round of 64,10-15,8.401674270629883,13.280334854125977,11.755753421783448,13.280334854125977,11.224746036529542,11.224746036529542,11.224746036529542
LightGBMRegressionL2Blend,12058,2024-03-22T17:45:00.000Z,257,305,San Diego State,UAB,4.0,9.212285041809082,5.212285041809082,1,-6.5,,2024,2024,6.39011287689209,2024-03-22T17:45:00.000Z,Men's Basketball Championship - East Region - 1st Round,TRNMNT,NCAA,False,True,6.5,6.5,Round of 64,5-10,9.212285041809082,7.042457008361816,7.720528268814086,7.042457008361816,7.377873134613037,7.377873134613037,7.377873134613037
LightGBMRegressionL2Blend,12053,2024-03-22T18:00:00.000Z,157,350,Marquette,Western Kentucky,18.0,12.954804420471191,5.045195579528809,1,-14.5,,2024,2024,11.493768692016602,2024-03-22T18:00:00.000Z,Men's Basketball Championship - South Region - 1st Round,TRNMNT,NCAA,False,True,14.5,14.5,Round of 64,10-15,12.954804420471191,14.190960884094238,13.804661989212036,14.190960884094238,12.005131196975707,12.005131196975707,12.005131196975707
LightGBMRegressionL2Blend,12061,2024-03-22T19:10:00.000Z,52,191,Clemson,New Mexico,21.0,-1.9408849477767944,22.940884947776794,0,2.5,,2024,2024,-2.277895450592041,2024-03-22T19:10:00.000Z,Men's Basketball Championship - West Region - 1st Round,TRNMNT,NCAA,False,True,-2.5,2.5,Round of 64,<5,-1.9408849477767944,-2.3881769895553586,-2.2483982264995577,-2.3881769895553586,-2.159941774606705,-2.159941774606705,-2.159941774606705
LightGBMRegressionL2Blend,12050,2024-03-22T19:22:00.000Z,314,283,UConn,Stetson,39.0,21.694103240966797,17.305896759033203,1,-27.5,,2024,2024,21.90536880493164,2024-03-22T19:22:00.000Z,Men's Basketball Championship - East Region - 1st Round,TRNMNT,NCAA,False,True,27.5,27.5,Round of 64,15+,21.694103240966797,26.33882064819336,24.88734645843506,26.33882064819336,21.831425857543945,21.831425857543945,21.831425857543945
LightGBMRegressionL2Blend,12055,2024-03-22T20:33:00.000Z,16,360,Auburn,Yale,-2.0,7.059765815734863,9.059765815734863,1,-13.5,,2024,2024,11.79296875,2024-03-22T20:33:00.000Z,Men's Basketball Championship - East Region - 1st Round,TRNMNT,NCAA,False,True,13.5,13.5,Round of 64,10-15,7.059765815734863,12.211953163146973,10.601894617080688,12.211953163146973,10.136347723007201,10.136347723007201,10.136347723007201
LightGBMRegressionL2Blend,12062,2024-03-22T20:38:00.000Z,87,56,Florida,Colorado,-2.0,-1.2167917490005493,0.7832082509994507,0,1.5,,2024,2024,-0.1065131425857544,2024-03-22T20:38:00.000Z,Men's Basketball Championship - South Region - 1st Round,TRNMNT,NCAA,False,True,-1.5,1.5,Round of 64,<5,-1.2167917490005493,-1.44335834980011,-1.3725562870502472,-1.44335834980011,-0.49511065483093264,-0.49511065483093264,-0.49511065483093264
LightGBMRegressionL2Blend,12064,2024-03-22T23:00:00.000Z,188,293,Nebraska,Texas A&M,-15.0,1.6912992000579834,16.691299200057983,1,,,2024,2024,1.7698500156402588,2024-03-22T23:00:00.000Z,Men's Basketball Championship - South Region - 1st Round,TRNMNT,NCAA,False,True,,,Round of 64,,1.6912992000579834,,,,1.7423572301864625,1.7423572301864625,1.7423572301864625
LightGBMRegressionL2Blend,12056,2024-03-22T23:10:00.000Z,72,337,Duke,Vermont,17.0,9.37724781036377,7.6227521896362305,1,-12.5,,2024,2024,10.617835998535156,2024-03-22T23:10:00.000Z,Men's Basketball Championship - South Region - 1st Round,TRNMNT,NCAA,False,True,12.5,12.5,Round of 64,10-15,9.37724781036377,11.875449562072754,11.094761514663697,11.875449562072754,10.183630132675171,10.183630132675171,10.183630132675171
LightGBMRegressionL2Blend,12051,2024-03-22T23:59:00.000Z,236,103,Purdue,Grambling,28.0,22.424455642700195,5.575544357299805,1,-26.5,,2024,2024,21.51693344116211,2024-03-22T23:59:00.000Z,Men's Basketball Championship - Midwest Region - 1st Round,TRNMNT,NCAA,False,True,26.5,26.5,Round of 64,15+,22.424455642700195,25.68489112854004,24.666005039215086,25.68489112854004,21.83456621170044,21.83456621170044,21.83456621170044
LightGBMRegressionL2Blend,12057,2024-03-23T00:03:00.000Z,5,46,Alabama,Charleston,13.0,7.415378570556641,5.584621429443359,1,-8.5,,2024,2024,11.548988342285156,2024-03-23T00:03:00.000Z,Men's Basketball Championship - West Region - 1st Round,TRNMNT,NCAA,False,True,8.5,8.5,Round of 64,5-10,7.415378570556641,8.283075714111328,8.011920356750489,8.283075714111328,10.102224922180175,10.102224922180175,10.102224922180175
LightGBMRegressionL2Blend,12052,2024-03-23T01:49:00.000Z,113,147,Houston,Longwood,40.0,14.239299774169922,25.760700225830078,1,,,2024,2024,17.632400512695312,2024-03-23T01:49:00.000Z,Men's Basketball Championship - South Region - 1st Round,TRNMNT,NCAA,False,True,,,Round of 64,,14.239299774169922,,,,16.444815254211427,16.444815254211427,16.444815254211427
LightGBMRegressionL2Blend,12059,2024-03-23T01:50:00.000Z,355,129,Wisconsin,James Madison,-11.0,0.07485979795455933,11.07485979795456,1,-4.5,,2024,2024,7.0391387939453125,2024-03-23T01:50:00.000Z,Men's Basketball Championship - South Region - 1st Round,TRNMNT,NCAA,False,True,4.5,4.5,Round of 64,<5,0.07485979795455933,3.6149719595909118,2.5086869090795516,3.6149719595909118,4.601641145348549,4.601641145348549,4.601641145348549
LightGBMRegressionL2Blend,12065,2024-03-23T02:30:00.000Z,329,287,Utah State,TCU,16.0,-1.5042595863342285,17.50425958633423,0,3.5,,2024,2024,-1.486640214920044,2024-03-23T02:30:00.000Z,Men's Basketball Championship - Midwest Region - 1st Round,TRNMNT,NCAA,False,True,-3.5,3.5,Round of 64,<5,-1.5042595863342285,-3.100851917266846,-2.601916813850403,-3.100851917266846,-1.4928069949150085,-1.4928069949150085,-1.4928069949150085
LightGBMRegressionL2Blend,12060,2024-03-23T02:57:00.000Z,253,104,Saint Mary's,Grand Canyon,-9.0,3.300703525543213,12.300703525543213,1,-5.5,,2024,2024,8.847434043884277,2024-03-23T02:57:00.000Z,Men's Basketball Championship - West Region - 1st Round,TRNMNT,NCAA,False,True,5.5,5.5,Round of 64,5-10,3.300703525543213,5.060140705108643,4.510316586494446,5.060140705108643,6.906078362464904,6.906078362464904,6.906078362464904
LightGBMRegressionL2Blend,12067,2024-03-23T16:45:00.000Z,11,64,Arizona,Dayton,10.0,4.773618221282959,5.226381778717041,1,-8.5,,2024,2024,8.171052932739258,2024-03-23T16:45:00.000Z,Men's Basketball Championship - West Region - 2nd Round,TRNMNT,NCAA,False,True,8.5,8.5,Round of 32,5-10,4.773618221282959,7.754723644256592,6.823128199577332,7.754723644256592,6.981950783729554,6.981950783729554,6.981950783729554
LightGBMRegressionL2Blend,12072,2024-03-23T19:33:00.000Z,131,102,Kansas,Gonzaga,-21.0,-2.083446502685547,18.916553497314453,0,4.5,,2024,2024,-2.0914525985717773,2024-03-23T19:33:00.000Z,Men's Basketball Championship - Midwest Region - 2nd Round,TRNMNT,NCAA,False,True,-4.5,4.5,Round of 32,<5,-2.083446502685547,-4.016689300537109,-3.412550926208496,-4.016689300537109,-2.0886504650115967,-2.0886504650115967,-2.0886504650115967
LightGBMRegressionL2Blend,12066,2024-03-23T21:45:00.000Z,200,169,North Carolina,Michigan State,16.0,1.3887895345687866,14.611210465431213,1,-3.5,,2024,2024,2.342442512512207,2024-03-23T21:45:00.000Z,Men's Basketball Championship - West Region - 2nd Round,TRNMNT,NCAA,False,True,3.5,3.5,Round of 32,<5,1.3887895345687866,3.0777579069137575,2.549955290555954,3.0777579069137575,2.0086639702320097,2.0086639702320097,2.0086639702320097
LightGBMRegressionL2Blend,12068,2024-03-23T22:10:00.000Z,125,344,Iowa State,Washington State,11.0,5.983253002166748,5.016746997833252,1,-6.5,,2024,2024,7.799788951873779,2024-03-23T22:10:00.000Z,Men's Basketball Championship - East Region - 2nd Round,TRNMNT,NCAA,False,True,6.5,6.5,Round of 32,5-10,5.983253002166748,6.396650600433349,6.267463850975036,6.396650600433349,7.164001369476319,7.164001369476319,7.164001369476319
LightGBMRegressionL2Blend,12073,2024-03-23T23:10:00.000Z,185,214,NC State,Oakland,6.0,4.94539213180542,1.05460786819458,1,-6.5,,2024,2024,-3.188154697418213,2024-03-23T23:10:00.000Z,Men's Basketball Championship - South Region - 2nd Round,TRNMNT,NCAA,False,True,6.5,6.5,Round of 32,5-10,4.94539213180542,6.189078426361084,5.800426459312439,6.189078426361084,-0.34141330718994145,-0.34141330718994145,-0.34141330718994145
LightGBMRegressionL2Blend,12069,2024-03-24T00:25:00.000Z,292,295,Tennessee,Texas,4.0,4.789011478424072,0.7890114784240723,1,,,2024,2024,2.384735345840454,2024-03-24T00:25:00.000Z,Men's Basketball Championship - Midwest Region - 2nd Round,TRNMNT,NCAA,False,True,,,Round of 32,,4.789011478424072,,,,3.2262319922447205,3.2262319922447205,3.2262319922447205
LightGBMRegressionL2Blend,12070,2024-03-24T00:49:00.000Z,118,73,Illinois,Duquesne,26.0,7.008923530578613,18.991076469421387,1,-10.5,,2024,2024,6.637641906738281,2024-03-24T00:49:00.000Z,Men's Basketball Championship - East Region - 2nd Round,TRNMNT,NCAA,False,True,10.5,10.5,Round of 32,10-15,7.008923530578613,9.801784706115722,8.929015588760375,9.801784706115722,6.767590475082397,6.767590475082397,6.767590475082397
LightGBMRegressionL2Blend,12071,2024-03-24T02:03:00.000Z,61,223,Creighton,Oregon,13.0,6.511561393737793,6.488438606262207,1,-3.5,,2024,2024,4.514926433563232,2024-03-24T02:03:00.000Z,Men's Basketball Championship - Midwest Region - 2nd Round,TRNMNT,NCAA,False,True,3.5,3.5,Round of 32,<5,6.511561393737793,4.102312278747559,4.855202627182007,4.102312278747559,5.213748669624328,5.213748669624328,5.213748669624328
LightGBMRegressionL2Blend,12084,2024-03-24T16:10:00.000Z,157,56,Marquette,Colorado,4.0,2.6696038246154785,1.3303961753845215,1,-4.5,,2024,2024,4.248635768890381,2024-03-24T16:10:00.000Z,Men's Basketball Championship - South Region - 2nd Round,TRNMNT,NCAA,False,True,4.5,4.5,Round of 32,<5,2.6696038246154785,4.133920764923095,3.676321721076965,4.133920764923095,3.695974588394165,3.695974588394165,3.695974588394165
LightGBMRegressionL2Blend,12081,2024-03-24T18:47:00.000Z,236,329,Purdue,Utah State,39.0,8.217391967773438,30.782608032226562,1,-11.5,,2024,2024,9.18914794921875,2024-03-24T18:47:00.000Z,Men's Basketball Championship - Midwest Region - 2nd Round,TRNMNT,NCAA,False,True,11.5,11.5,Round of 32,10-15,8.217391967773438,10.843478393554689,10.022826385498046,10.843478393554689,8.84903335571289,8.84903335571289,8.84903335571289
LightGBMRegressionL2Blend,12086,2024-03-24T21:15:00.000Z,72,129,Duke,James Madison,38.0,3.5211713314056396,34.47882866859436,1,-6.5,,2024,2024,9.004219055175781,2024-03-24T21:15:00.000Z,Men's Basketball Championship - South Region - 2nd Round,TRNMNT,NCAA,False,True,6.5,6.5,Round of 32,5-10,3.5211713314056396,5.904234266281128,5.1595270991325375,5.904234266281128,7.085152351856232,7.085152351856232,7.085152351856232
LightGBMRegressionL2Blend,12085,2024-03-24T22:10:00.000Z,20,52,Baylor,Clemson,-8.0,1.8208305835723877,9.820830583572388,1,-4.5,,2024,2024,3.072880744934082,2024-03-24T22:10:00.000Z,Men's Basketball Championship - West Region - 2nd Round,TRNMNT,NCAA,False,True,4.5,4.5,Round of 32,<5,1.8208305835723877,3.9641661167144777,3.2943737626075746,3.9641661167144777,2.634663188457489,2.634663188457489,2.634663188457489
LightGBMRegressionL2Blend,12087,2024-03-24T23:10:00.000Z,5,104,Alabama,Grand Canyon,11.0,1.7296079397201538,9.270392060279846,1,-5.5,,2024,2024,3.7746059894561768,2024-03-24T23:10:00.000Z,Men's Basketball Championship - West Region - 2nd Round,TRNMNT,NCAA,False,True,5.5,5.5,Round of 32,5-10,1.7296079397201538,4.745921587944031,3.8033235728740697,4.745921587944031,3.058856672048569,3.058856672048569,3.058856672048569
LightGBMRegressionL2Blend,12082,2024-03-24T23:45:00.000Z,314,212,UConn,Northwestern,17.0,10.981937408447266,6.018062591552734,1,-13.5,,2024,2024,9.841787338256836,2024-03-24T23:45:00.000Z,Men's Basketball Championship - East Region - 2nd Round,TRNMNT,NCAA,False,True,13.5,13.5,Round of 32,10-15,10.981937408447266,12.996387481689453,12.36687183380127,12.996387481689453,10.240839862823485,10.240839862823485,10.240839862823485
LightGBMRegressionL2Blend,12083,2024-03-25T00:40:00.000Z,113,293,Houston,Texas A&M,5.0,8.5203857421875,3.5203857421875,1,-8.5,,2024,2024,7.851730823516846,2024-03-25T00:40:00.000Z,Men's Basketball Championship - South Region - 2nd Round,TRNMNT,NCAA,False,True,8.5,8.5,Round of 32,5-10,8.5203857421875,8.504077148437501,8.509173583984374,8.504077148437501,8.085760045051575,8.085760045051575,8.085760045051575
LightGBMRegressionL2Blend,12088,2024-03-25T02:12:00.000Z,257,360,San Diego State,Yale,28.0,5.265266418457031,22.73473358154297,1,-5.5,,2024,2024,4.428625106811523,2024-03-25T02:12:00.000Z,Men's Basketball Championship - East Region - 2nd Round,TRNMNT,NCAA,False,True,5.5,5.5,Round of 32,5-10,5.265266418457031,5.453053283691406,5.394369888305665,5.453053283691406,4.721449565887451,4.721449565887451,4.721449565887451
LightGBMRegressionL2Blend,12113,2024-03-28T23:09:00.000Z,11,52,Arizona,Clemson,-5.0,5.130640983581543,10.130640983581543,1,-7.5,,2024,2024,5.277022361755371,2024-03-28T23:09:00.000Z,Men's Basketball Championship - West Region - Sweet 16,TRNMNT,NCAA,False,True,7.5,7.5,Sweet 16,5-10,5.130640983581543,7.026128196716308,6.433788442611695,7.026128196716308,5.225788879394531,5.225788879394531,5.225788879394531
LightGBMRegressionL2Blend,12111,2024-03-28T23:39:00.000Z,314,257,UConn,San Diego State,30.0,5.036662578582764,24.963337421417236,1,-11.5,,2024,2024,9.646364212036133,2024-03-28T23:39:00.000Z,Men's Basketball Championship - East Region - Sweet 16,TRNMNT,NCAA,False,True,11.5,11.5,Sweet 16,10-15,5.036662578582764,10.207332515716553,8.591498160362244,10.207332515716553,8.032968640327454,8.032968640327454,8.032968640327454
LightGBMRegressionL2Blend,12112,2024-03-29T01:54:00.000Z,200,5,North Carolina,Alabama,-2.0,1.1001075506210327,3.1001075506210327,1,-4.5,,2024,2024,1.1418614387512207,2024-03-29T01:54:00.000Z,Men's Basketball Championship - West Region - Sweet 16,TRNMNT,NCAA,False,True,4.5,4.5,Sweet 16,<5,1.1001075506210327,3.8200215101242065,2.9700483977794647,3.8200215101242065,1.127247577905655,1.127247577905655,1.127247577905655
LightGBMRegressionL2Blend,12114,2024-03-29T02:14:00.000Z,125,118,Iowa State,Illinois,-3.0,0.24004878103733063,3.2400487810373306,1,-0.5,,2024,2024,0.4320260286331177,2024-03-29T02:14:00.000Z,Men's Basketball Championship - East Region - Sweet 16,TRNMNT,NCAA,False,True,0.5,0.5,Sweet 16,<5,0.24004878103733063,0.44800975620746614,0.3830219514667988,0.44800975620746614,0.3648339919745922,0.3648339919745922,0.3648339919745922
LightGBMRegressionL2Blend,12117,2024-03-29T23:09:00.000Z,157,185,Marquette,NC State,-9.0,6.792261123657227,15.792261123657227,1,-7.5,,2024,2024,14.071418762207031,2024-03-29T23:09:00.000Z,Men's Basketball Championship - South Region - Sweet 16,TRNMNT,NCAA,False,True,7.5,7.5,Sweet 16,5-10,6.792261123657227,7.358452224731445,7.181517505645752,7.358452224731445,11.5237135887146,11.5237135887146,11.5237135887146
LightGBMRegressionL2Blend,12115,2024-03-29T23:39:00.000Z,236,102,Purdue,Gonzaga,12.0,3.174880027770996,8.825119972229004,1,-4.5,,2024,2024,3.974365711212158,2024-03-29T23:39:00.000Z,Men's Basketball Championship - Midwest Region - Sweet 16,TRNMNT,NCAA,False,True,4.5,4.5,Sweet 16,<5,3.174880027770996,4.234976005554199,3.9036960124969484,4.234976005554199,3.6945457220077516,3.6945457220077516,3.6945457220077516
LightGBMRegressionL2Blend,12116,2024-03-30T01:59:00.000Z,113,72,Houston,Duke,-3.0,2.8303823471069336,5.830382347106934,1,-3.5,,2024,2024,1.3080987930297852,2024-03-30T01:59:00.000Z,Men's Basketball Championship - South Region - Sweet 16,TRNMNT,NCAA,False,True,3.5,3.5,Sweet 16,<5,2.8303823471069336,3.3660764694213867,3.19867205619812,3.3660764694213867,1.840898036956787,1.840898036956787,1.840898036956787
LightGBMRegressionL2Blend,12118,2024-03-30T02:10:00.000Z,292,61,Tennessee,Creighton,7.0,0.020350158214569092,6.979649841785431,1,-3.5,,2024,2024,-1.5687713623046875,2024-03-30T02:10:00.000Z,Men's Basketball Championship - Midwest Region - Sweet 16,TRNMNT,NCAA,False,True,3.5,3.5,Sweet 16,<5,0.020350158214569092,2.804070031642914,1.9341575711965564,2.804070031642914,-1.012578830122948,-1.012578830122948,-1.012578830122948
LightGBMRegressionL2Blend,12119,2024-03-30T22:09:00.000Z,314,118,UConn,Illinois,25.0,3.6981277465820312,21.30187225341797,1,-8.5,,2024,2024,3.8980510234832764,2024-03-30T22:09:00.000Z,Men's Basketball Championship - East Region - Elite 8,TRNMNT,NCAA,False,True,8.5,8.5,Elite 8,5-10,3.6981277465820312,7.539625549316407,6.339157485961914,7.539625549316407,3.8280778765678405,3.8280778765678405,3.8280778765678405
LightGBMRegressionL2Blend,12120,2024-03-31T00:49:00.000Z,5,52,Alabama,Clemson,7.0,2.866537570953369,4.133462429046631,1,-2.5,,2024,2024,2.7171032428741455,2024-03-31T00:49:00.000Z,Men's Basketball Championship - West Region - Elite 8,TRNMNT,NCAA,False,True,2.5,2.5,Elite 8,<5,2.866537570953369,2.573307514190674,2.664941906929016,2.573307514190674,2.769405257701874,2.769405257701874,2.769405257701874
LightGBMRegressionL2Blend,12121,2024-03-31T18:20:00.000Z,236,292,Purdue,Tennessee,6.0,2.564422845840454,3.435577154159546,1,-3.5,,2024,2024,3.8487980365753174,2024-03-31T18:20:00.000Z,Men's Basketball Championship - Midwest Region - Elite 8,TRNMNT,NCAA,False,True,3.5,3.5,Elite 8,<5,2.564422845840454,3.312884569168091,3.0789902806282043,3.312884569168091,3.3992667198181152,3.3992667198181152,3.3992667198181152
LightGBMRegressionL2Blend,12122,2024-03-31T21:05:00.000Z,72,185,Duke,NC State,-12.0,7.772265434265137,19.772265434265137,1,-7.5,,2024,2024,15.431961059570312,2024-03-31T21:05:00.000Z,Men's Basketball Championship - South Region - Elite 8,TRNMNT,NCAA,False,True,7.5,7.5,Elite 8,5-10,7.772265434265137,7.554453086853027,7.622519445419311,7.554453086853027,12.7510675907135,12.7510675907135,12.7510675907135
LightGBMRegressionL2Blend,12126,2024-04-06T22:09:00.000Z,236,185,Purdue,NC State,13.0,11.057160377502441,1.9428396224975586,1,-9.5,,2024,2024,16.307321548461914,2024-04-06T22:09:00.000Z,Men's Basketball Championship - Final Four,TRNMNT,NCAA,False,True,9.5,9.5,Final Four,5-10,11.057160377502441,9.811432075500488,10.200722169876098,9.811432075500488,14.469765138626098,14.469765138626098,14.469765138626098
LightGBMRegressionL2Blend,12127,2024-04-07T00:51:00.000Z,314,5,UConn,Alabama,14.0,4.459298133850098,9.540701866149902,1,-10.5,,2024,2024,4.765678882598877,2024-04-07T00:51:00.000Z,Men's Basketball Championship - Final Four,TRNMNT,NCAA,False,True,10.5,10.5,Final Four,10-15,4.459298133850098,9.29185962677002,7.781684160232544,9.29185962677002,4.6584456205368046,4.6584456205368046,4.6584456205368046
LightGBMRegressionL2Blend,12128,2024-04-09T01:20:00.000Z,314,236,UConn,Purdue,15.0,1.4377832412719727,13.562216758728027,1,-6.5,,2024,2024,1.5457929372787476,2024-04-09T01:20:00.000Z,Men's Basketball Championship - National Championship,TRNMNT,NCAA,False,True,6.5,6.5,Championship,5-10,1.4377832412719727,5.487556648254395,4.222002458572388,5.487556648254395,1.5079895436763764,1.5079895436763764,1.5079895436763764
LightGBMRegressionL2Blend,209492,2025-03-18T22:40:00.000Z,6,278,Alabama State,St. Francis (PA),2.0,1.8165379762649536,0.1834620237350464,1,-3.5,,2025,2025,2.2978196144104004,2025-03-18T22:40:00.000Z,Men's Basketball Championship - South Region - First Four,TRNMNT,NCAA,False,True,3.5,3.5,First Four,<5,1.8165379762649536,3.163307595252991,2.7424420893192294,3.163307595252991,2.1293710410594944,2.1293710410594944,2.1293710410594944
LightGBMRegressionL2Blend,209491,2025-03-19T01:10:00.000Z,257,200,San Diego State,North Carolina,-27.0,-1.3933699131011963,25.606630086898804,0,4.5,,2025,2025,-3.332895517349243,2025-03-19T01:10:00.000Z,Men's Basketball Championship - South Region - First Four,TRNMNT,NCAA,False,True,-4.5,4.5,First Four,<5,-1.3933699131011963,-3.8786739826202394,-3.1020164608955385,-3.8786739826202394,-2.6540615558624268,-2.6540615558624268,-2.6540615558624268
LightGBMRegressionL2Blend,209493,2025-03-19T22:40:00.000Z,8,183,American University,Mount St. Mary's,-11.0,0.579659104347229,11.579659104347229,1,-2.5,,2025,2025,2.3132574558258057,2025-03-19T22:40:00.000Z,Men's Basketball Championship - East Region - First Four,TRNMNT,NCAA,False,True,2.5,2.5,First Four,<5,0.579659104347229,2.115931820869446,1.635846596956253,2.115931820869446,1.706498032808304,1.706498032808304,1.706498032808304
LightGBMRegressionL2Blend,209573,2025-03-20T01:18:00.000Z,295,359,Texas,Xavier,-6.0,-1.9366276264190674,4.063372373580933,0,2.5,,2025,2025,-2.365835189819336,2025-03-20T01:18:00.000Z,Men's Basketball Championship - Midwest Region - First Four,TRNMNT,NCAA,False,True,-2.5,2.5,First Four,<5,-1.9366276264190674,-2.3873255252838135,-2.2464824318885803,-2.3873255252838135,-2.215612542629242,-2.215612542629242,-2.215612542629242
LightGBMRegressionL2Blend,209508,2025-03-20T16:15:00.000Z,150,61,Louisville,Creighton,-14.0,-0.5738334059715271,13.426166594028473,0,-3.5,,2025,2025,3.6797993183135986,2025-03-20T16:15:00.000Z,Men's Basketball Championship - South Region - 1st Round,TRNMNT,NCAA,False,True,3.5,3.5,Round of 64,<5,-0.5738334059715271,2.685233318805695,1.6667749673128132,2.685233318805695,2.1910278648138046,2.1910278648138046,2.1910278648138046
LightGBMRegressionL2Blend,209500,2025-03-20T16:40:00.000Z,236,109,Purdue,High Point,12.0,4.047670364379883,7.952329635620117,1,-7.5,,2025,2025,8.650337219238281,2025-03-20T16:40:00.000Z,Men's Basketball Championship - Midwest Region - 1st Round,TRNMNT,NCAA,False,True,7.5,7.5,Round of 64,5-10,4.047670364379883,6.809534072875977,5.946451663970947,6.809534072875977,7.039403820037842,7.039403820037842,7.039403820037842
LightGBMRegressionL2Blend,209504,2025-03-20T17:30:00.000Z,355,179,Wisconsin,Montana,19.0,10.921592712402344,8.078407287597656,1,-16.5,,2025,2025,12.452242851257324,2025-03-20T17:30:00.000Z,Men's Basketball Championship - East Region - 1st Round,TRNMNT,NCAA,False,True,16.5,16.5,Round of 64,15+,10.921592712402344,15.38431854248047,13.989716720581054,15.38431854248047,11.916515302658082,11.916515302658082,11.916515302658082
LightGBMRegressionL2Blend,209503,2025-03-20T18:00:00.000Z,113,247,Houston,SIU Edwardsville,38.0,17.690597534179688,20.309402465820312,1,-28.5,,2025,2025,20.56892967224121,2025-03-20T18:00:00.000Z,Men's Basketball Championship - Midwest Region - 1st Round,TRNMNT,NCAA,False,True,28.5,28.5,Round of 64,15+,17.690597534179688,26.338119506835938,23.63576889038086,26.338119506835938,19.561513423919678,19.561513423919678,19.561513423919678
LightGBMRegressionL2Blend,209588,2025-03-20T18:50:00.000Z,16,6,Auburn,Alabama State,20.0,19.936771392822266,0.06322860717773438,1,-32.5,,2025,2025,19.711801528930664,2025-03-20T18:50:00.000Z,Men's Basketball Championship - South Region - 1st Round,TRNMNT,NCAA,False,True,32.5,32.5,Round of 64,15+,19.936771392822266,29.987354278564453,26.84654712677002,29.987354278564453,19.790540981292725,19.790540981292725,19.790540981292725
LightGBMRegressionL2Blend,209501,2025-03-20T19:29:00.000Z,52,162,Clemson,McNeese,-2.0,4.660209655761719,6.660209655761719,1,-7.5,,2025,2025,7.857055187225342,2025-03-20T19:29:00.000Z,Men's Basketball Championship - Midwest Region - 1st Round,TRNMNT,NCAA,False,True,7.5,7.5,Round of 64,5-10,4.660209655761719,6.932041931152344,6.222094345092773,6.932041931152344,6.738159251213073,6.738159251213073,6.738159251213073
LightGBMRegressionL2Blend,209505,2025-03-20T20:05:00.000Z,18,333,BYU,VCU,9.0,-3.141225576400757,12.141225576400757,0,-1.5,,2025,2025,1.1660606861114502,2025-03-20T20:05:00.000Z,Men's Basketball Championship - East Region - 1st Round,TRNMNT,NCAA,False,True,1.5,1.5,Round of 64,<5,-3.141225576400757,0.5717548847198489,-0.5885515093803403,0.5717548847198489,-0.3414895057678222,-0.3414895057678222,-0.3414895057678222
LightGBMRegressionL2Blend,209502,2025-03-20T20:35:00.000Z,102,98,Gonzaga,Georgia,21.0,2.113053560256958,18.886946439743042,1,-7.5,,2025,2025,4.085597991943359,2025-03-20T20:35:00.000Z,Men's Basketball Championship - Midwest Region - 1st Round,TRNMNT,NCAA,False,True,7.5,7.5,Round of 64,5-10,2.113053560256958,6.422610712051392,5.075874102115631,6.422610712051392,3.395207440853119,3.395207440853119,3.395207440853119
LightGBMRegressionL2Blend,209498,2025-03-20T22:50:00.000Z,292,356,Tennessee,Wofford,15.0,13.260494232177734,1.7395057678222656,1,-18.5,,2025,2025,14.079859733581543,2025-03-20T22:50:00.000Z,Men's Basketball Championship - Midwest Region - 1st Round,TRNMNT,NCAA,False,True,18.5,18.5,Round of 64,15+,13.260494232177734,17.452098846435547,16.14222240447998,17.452098846435547,13.79308180809021,13.79308180809021,13.79308180809021
LightGBMRegressionL2Blend,209495,2025-03-20T23:10:00.000Z,131,12,Kansas,Arkansas,-7.0,2.67739200592041,9.67739200592041,1,-5.5,,2025,2025,4.119090557098389,2025-03-20T23:10:00.000Z,Men's Basketball Championship - West Region - 1st Round,TRNMNT,NCAA,False,True,5.5,5.5,Round of 64,5-10,2.67739200592041,4.935478401184082,4.229826402664185,4.935478401184082,3.6144960641860964,3.6144960641860964,3.6144960641860964
LightGBMRegressionL2Blend,209506,2025-03-20T23:25:00.000Z,293,360,Texas A&M,Yale,9.0,6.525966167449951,2.474033832550049,1,-7.5,,2025,2025,8.550642967224121,2025-03-20T23:25:00.000Z,Men's Basketball Championship - South Region - 1st Round,TRNMNT,NCAA,False,True,7.5,7.5,Round of 64,5-10,6.525966167449951,7.30519323348999,7.061684775352478,7.30519323348999,7.842006087303162,7.842006087303162,7.842006087303162
LightGBMRegressionL2Blend,209497,2025-03-20T23:51:00.000Z,177,70,Missouri,Drake,-10.0,2.5252339839935303,12.52523398399353,1,-5.5,,2025,2025,5.263922691345215,2025-03-20T23:51:00.000Z,Men's Basketball Championship - West Region - 1st Round,TRNMNT,NCAA,False,True,5.5,5.5,Round of 64,5-10,2.5252339839935303,4.905046796798707,4.161355292797089,4.905046796798707,4.305381643772125,4.305381643772125,4.305381643772125
LightGBMRegressionL2Blend,209499,2025-03-21T01:25:00.000Z,313,329,UCLA,Utah State,25.0,3.6016194820404053,21.398380517959595,1,-5.5,,2025,2025,5.223381042480469,2025-03-21T01:25:00.000Z,Men's Basketball Championship - Midwest Region - 1st Round,TRNMNT,NCAA,False,True,5.5,5.5,Round of 64,5-10,3.6016194820404053,5.120323896408081,4.645728766918182,5.120323896408081,4.655764496326446,4.655764496326446,4.655764496326446
LightGBMRegressionL2Blend,209494,2025-03-21T01:58:00.000Z,279,221,St. John's,Omaha,30.0,15.261198043823242,14.738801956176758,1,-19.5,,2025,2025,12.796313285827637,2025-03-21T01:58:00.000Z,Men's Basketball Championship - West Region - 1st Round,TRNMNT,NCAA,False,True,19.5,19.5,Round of 64,15+,15.261198043823242,18.65223960876465,17.59253911972046,18.65223960876465,13.659022951126099,13.659022951126099,13.659022951126099
LightGBMRegressionL2Blend,209507,2025-03-21T02:00:00.000Z,170,310,Michigan,UC San Diego,3.0,-1.7380402088165283,4.738040208816528,0,-1.5,,2025,2025,3.8985047340393066,2025-03-21T02:00:00.000Z,Men's Basketball Championship - South Region - 1st Round,TRNMNT,NCAA,False,True,1.5,1.5,Round of 64,<5,-1.7380402088165283,0.8523919582366946,0.04288190603256237,0.8523919582366946,1.9257140040397642,1.9257140040397642,1.9257140040397642
LightGBMRegressionL2Blend,209496,2025-03-21T02:42:00.000Z,298,321,Texas Tech,UNC Wilmington,10.0,6.961458683013916,3.038541316986084,1,-15.5,,2025,2025,12.558631896972656,2025-03-21T02:42:00.000Z,Men's Basketball Championship - West Region - 1st Round,TRNMNT,NCAA,False,True,15.5,15.5,Round of 64,15+,6.961458683013916,13.792291736602783,11.657656407356262,13.792291736602783,10.599621272087097,10.599621272087097,10.599621272087097
LightGBMRegressionL2Blend,209518,2025-03-21T16:15:00.000Z,174,20,Mississippi State,Baylor,-3.0,-1.550862193107605,1.449137806892395,0,-1.5,,2025,2025,0.6848047971725464,2025-03-21T16:15:00.000Z,Men's Basketball Championship - East Region - 1st Round,TRNMNT,NCAA,False,True,1.5,1.5,Round of 64,<5,-1.550862193107605,0.8898275613784792,0.12711201310157794,0.8898275613784792,-0.09767864942550658,-0.09767864942550658,-0.09767864942550658
LightGBMRegressionL2Blend,209514,2025-03-21T16:40:00.000Z,5,244,Alabama,Robert Morris,9.0,13.754364013671875,4.754364013671875,1,-21.5,,2025,2025,14.946833610534668,2025-03-21T16:40:00.000Z,Men's Basketball Championship - East Region - 1st Round,TRNMNT,NCAA,False,True,21.5,21.5,Round of 64,15+,13.754364013671875,19.950872802734374,18.014463806152342,19.950872802734374,14.52946925163269,14.52946925163269,14.52946925163269
LightGBMRegressionL2Blend,209521,2025-03-21T17:30:00.000Z,125,143,Iowa State,Lipscomb,27.0,8.880467414855957,18.119532585144043,1,-14.5,,2025,2025,13.469036102294922,2025-03-21T17:30:00.000Z,Men's Basketball Championship - South Region - 1st Round,TRNMNT,NCAA,False,True,14.5,14.5,Round of 64,10-15,8.880467414855957,13.376093482971193,11.97121033668518,13.376093482971193,11.863037061691285,11.863037061691285,11.863037061691285
LightGBMRegressionL2Blend,209510,2025-03-21T18:00:00.000Z,163,57,Memphis,Colorado State,-8.0,-1.0144035816192627,6.985596418380737,0,1.5,,2025,2025,-3.1661365032196045,2025-03-21T18:00:00.000Z,Men's Basketball Championship - West Region - 1st Round,TRNMNT,NCAA,False,True,-1.5,1.5,Round of 64,<5,-1.0144035816192627,-1.4028807163238526,-1.2814816117286683,-1.4028807163238526,-2.4130299806594846,-2.4130299806594846,-2.4130299806594846
LightGBMRegressionL2Blend,209617,2025-03-21T19:09:00.000Z,72,183,Duke,Mount St. Mary's,44.0,22.651308059692383,21.348691940307617,1,-32.5,,2025,2025,21.990432739257812,2025-03-21T19:09:00.000Z,Men's Basketball Championship - East Region - 1st Round,TRNMNT,NCAA,False,True,32.5,32.5,Round of 64,15+,22.651308059692383,30.530261611938474,28.068088626861574,30.530261611938474,22.221739101409913,22.221739101409913,22.221739101409913
LightGBMRegressionL2Blend,209515,2025-03-21T19:30:00.000Z,253,336,Saint Mary's,Vanderbilt,3.0,6.152195930480957,3.152195930480957,1,-4.5,,2025,2025,4.628189563751221,2025-03-21T19:30:00.000Z,Men's Basketball Championship - East Region - 1st Round,TRNMNT,NCAA,False,True,4.5,4.5,Round of 64,<5,6.152195930480957,4.830439186096191,5.24348816871643,4.830439186096191,5.161591792106629,5.161591792106629,5.161591792106629
LightGBMRegressionL2Blend,209589,2025-03-21T20:05:00.000Z,220,200,Ole Miss,North Carolina,7.0,-2.11545991897583,9.11545991897583,0,1.5,,2025,2025,-1.6689881086349487,2025-03-21T20:05:00.000Z,Men's Basketball Championship - South Region - 1st Round,TRNMNT,NCAA,False,True,-1.5,1.5,Round of 64,<5,-2.11545991897583,-1.623091983795166,-1.7769569635391234,-1.623091983795166,-1.8252532422542571,-1.8252532422542571,-1.8252532422542571
LightGBMRegressionL2Blend,209509,2025-03-21T20:35:00.000Z,160,104,Maryland,Grand Canyon,32.0,7.118657112121582,24.881342887878418,1,-8.5,,2025,2025,9.095937728881836,2025-03-21T20:35:00.000Z,Men's Basketball Championship - West Region - 1st Round,TRNMNT,NCAA,False,True,8.5,8.5,Round of 64,5-10,7.118657112121582,8.223731422424317,7.878395700454712,8.223731422424317,8.403889513015747,8.403889513015747,8.403889513015747
LightGBMRegressionL2Blend,209512,2025-03-21T22:50:00.000Z,87,196,Florida,Norfolk State,26.0,17.04311752319336,8.95688247680664,1,-28.5,,2025,2025,19.495033264160156,2025-03-21T22:50:00.000Z,Men's Basketball Championship - West Region - 1st Round,TRNMNT,NCAA,False,True,28.5,28.5,Round of 64,15+,17.04311752319336,26.208623504638673,23.344402885437013,26.208623504638673,18.636862754821777,18.636862754821777,18.636862754821777
LightGBMRegressionL2Blend,209513,2025-03-21T23:20:00.000Z,135,302,Kentucky,Troy,19.0,2.8349528312683105,16.16504716873169,1,-10.5,,2025,2025,7.1133222579956055,2025-03-21T23:20:00.000Z,Men's Basketball Championship - Midwest Region - 1st Round,TRNMNT,NCAA,False,True,10.5,10.5,Round of 64,10-15,2.8349528312683105,8.966990566253662,7.05072877407074,8.966990566253662,5.615892958641052,5.615892958641052,5.615892958641052
LightGBMRegressionL2Blend,209520,2025-03-21T23:25:00.000Z,157,191,Marquette,New Mexico,-9.0,1.749375581741333,10.749375581741333,1,-4.5,,2025,2025,2.6080851554870605,2025-03-21T23:25:00.000Z,Men's Basketball Championship - South Region - 1st Round,TRNMNT,NCAA,False,True,4.5,4.5,Round of 64,<5,1.749375581741333,3.9498751163482666,3.2622190117836,3.9498751163482666,2.307536804676056,2.307536804676056,2.307536804676056
LightGBMRegressionL2Blend,209516,2025-03-21T23:48:00.000Z,11,3,Arizona,Akron,28.0,10.848882675170898,17.1511173248291,1,-13.5,,2025,2025,12.031862258911133,2025-03-21T23:48:00.000Z,Men's Basketball Championship - East Region - 1st Round,TRNMNT,NCAA,False,True,13.5,13.5,Round of 64,10-15,10.848882675170898,12.96977653503418,12.306997203826905,12.96977653503418,11.617819404602052,11.617819404602052,11.617819404602052
LightGBMRegressionL2Blend,209511,2025-03-22T01:32:00.000Z,314,217,UConn,Oklahoma,8.0,3.756453514099121,4.243546485900879,1,-6.5,,2025,2025,2.2024624347686768,2025-03-22T01:32:00.000Z,Men's Basketball Championship - West Region - 1st Round,TRNMNT,NCAA,False,True,6.5,6.5,Round of 64,5-10,3.756453514099121,5.951290702819824,5.265404081344604,5.951290702819824,2.746359312534332,2.746359312534332,2.746359312534332
LightGBMRegressionL2Blend,209618,2025-03-22T01:57:00.000Z,118,359,Illinois,Xavier,13.0,1.6339442729949951,11.366055727005005,1,-4.5,,2025,2025,1.910753607749939,2025-03-22T01:57:00.000Z,Men's Basketball Championship - Midwest Region - 1st Round,TRNMNT,NCAA,False,True,4.5,4.5,Round of 64,<5,1.6339442729949951,3.926788854598999,3.2102749228477476,3.926788854598999,1.8138703405857086,1.8138703405857086,1.8138703405857086
LightGBMRegressionL2Blend,209519,2025-03-22T02:12:00.000Z,169,31,Michigan State,Bryant,25.0,9.060437202453613,15.939562797546387,1,-18.5,,2025,2025,14.831583976745605,2025-03-22T02:12:00.000Z,Men's Basketball Championship - South Region - 1st Round,TRNMNT,NCAA,False,True,18.5,18.5,Round of 64,15+,9.060437202453613,16.612087440490722,14.252196741104125,16.612087440490722,12.811682605743409,12.811682605743409,12.811682605743409
LightGBMRegressionL2Blend,209517,2025-03-22T02:26:00.000Z,223,142,Oregon,Liberty,29.0,2.719571828842163,26.280428171157837,1,-7.5,,2025,2025,3.4994072914123535,2025-03-22T02:26:00.000Z,Men's Basketball Championship - East Region - 1st Round,TRNMNT,NCAA,False,True,7.5,7.5,Round of 64,5-10,2.719571828842163,6.543914365768432,5.348807322978973,6.543914365768432,3.226464879512787,3.226464879512787,3.226464879512787
LightGBMRegressionL2Blend,209626,2025-03-22T16:10:00.000Z,236,162,Purdue,McNeese,14.0,2.5453200340270996,11.4546799659729,1,-6.5,,2025,2025,6.680415153503418,2025-03-22T16:10:00.000Z,Men's Basketball Championship - Midwest Region - 2nd Round,TRNMNT,NCAA,False,True,6.5,6.5,Round of 32,5-10,2.5453200340270996,5.70906400680542,4.720394015312195,5.70906400680542,5.233131861686706,5.233131861686706,5.233131861686706
LightGBMRegressionL2Blend,209627,2025-03-22T18:40:00.000Z,279,12,St. John's,Arkansas,-9.0,5.472874164581299,14.472874164581299,1,-7.5,,2025,2025,4.798670768737793,2025-03-22T18:40:00.000Z,Men's Basketball Championship - West Region - 2nd Round,TRNMNT,NCAA,False,True,7.5,7.5,Round of 32,5-10,5.472874164581299,7.094574832916259,6.587793374061585,7.094574832916259,5.03464195728302,5.03464195728302,5.03464195728302
LightGBMRegressionL2Blend,209628,2025-03-22T21:30:00.000Z,293,170,Texas A&M,Michigan,-12.0,3.4021506309509277,15.402150630950928,1,-2.5,,2025,2025,0.202129065990448,2025-03-22T21:30:00.000Z,Men's Basketball Championship - South Region - 2nd Round,TRNMNT,NCAA,False,True,2.5,2.5,Round of 32,<5,3.4021506309509277,2.6804301261901853,2.9059677839279177,2.6804301261901853,1.3221366137266157,1.3221366137266157,1.3221366137266157
LightGBMRegressionL2Blend,209629,2025-03-22T22:10:00.000Z,298,70,Texas Tech,Drake,13.0,2.6367568969726562,10.363243103027344,1,-7.5,,2025,2025,6.311530590057373,2025-03-22T22:10:00.000Z,Men's Basketball Championship - West Region - 2nd Round,TRNMNT,NCAA,False,True,7.5,7.5,Round of 32,5-10,2.6367568969726562,6.527351379394531,5.311540603637695,6.527351379394531,5.025359797477722,5.025359797477722,5.025359797477722
LightGBMRegressionL2Blend,209630,2025-03-22T23:10:00.000Z,16,61,Auburn,Creighton,12.0,5.51261043548584,6.48738956451416,1,-8.5,,2025,2025,5.286240100860596,2025-03-22T23:10:00.000Z,Men's Basketball Championship - South Region - 2nd Round,TRNMNT,NCAA,False,True,8.5,8.5,Round of 32,5-10,5.51261043548584,7.902522087097168,7.155674695968628,7.902522087097168,5.3654697179794315,5.3654697179794315,5.3654697179794315
LightGBMRegressionL2Blend,209631,2025-03-23T00:27:00.000Z,355,18,Wisconsin,BYU,-2.0,1.5526446104049683,3.5526446104049683,1,-1.5,,2025,2025,0.8185399770736694,2025-03-23T00:27:00.000Z,Men's Basketball Championship - East Region - 2nd Round,TRNMNT,NCAA,False,True,1.5,1.5,Round of 32,<5,1.5526446104049683,1.5105289220809937,1.5236900746822357,1.5105289220809937,1.075476598739624,1.075476598739624,1.075476598739624
LightGBMRegressionL2Blend,209632,2025-03-23T00:44:00.000Z,113,102,Houston,Gonzaga,5.0,6.558640480041504,1.558640480041504,1,-5.5,,2025,2025,1.3272833824157715,2025-03-23T00:44:00.000Z,Men's Basketball Championship - Midwest Region - 2nd Round,TRNMNT,NCAA,False,True,5.5,5.5,Round of 32,5-10,6.558640480041504,5.711728096008301,5.976388216018677,5.711728096008301,3.1582583665847777,3.1582583665847777,3.1582583665847777
LightGBMRegressionL2Blend,209633,2025-03-23T01:53:00.000Z,292,313,Tennessee,UCLA,9.0,4.768031120300293,4.231968879699707,1,-5.5,,2025,2025,2.6950206756591797,2025-03-23T01:53:00.000Z,Men's Basketball Championship - Midwest Region - 2nd Round,TRNMNT,NCAA,False,True,5.5,5.5,Round of 32,5-10,4.768031120300293,5.353606224060059,5.170614004135132,5.353606224060059,3.4205743312835692,3.4205743312835692,3.4205743312835692
LightGBMRegressionL2Blend,209652,2025-03-23T16:10:00.000Z,87,314,Florida,UConn,2.0,5.149313449859619,3.149313449859619,1,-9.5,,2025,2025,6.157466411590576,2025-03-23T16:10:00.000Z,Men's Basketball Championship - West Region - 2nd Round,TRNMNT,NCAA,False,True,9.5,9.5,Round of 32,5-10,5.149313449859619,8.629862689971924,7.542191052436829,8.629862689971924,5.804612874984741,5.804612874984741,5.804612874984741
LightGBMRegressionL2Blend,209653,2025-03-23T19:04:00.000Z,72,20,Duke,Baylor,23.0,6.073216438293457,16.926783561706543,1,-12.5,,2025,2025,5.521144390106201,2025-03-23T19:04:00.000Z,Men's Basketball Championship - East Region - 2nd Round,TRNMNT,NCAA,False,True,12.5,12.5,Round of 32,10-15,6.073216438293457,11.214643287658692,9.607947397232056,11.214643287658692,5.714369606971741,5.714369606971741,5.714369606971741
LightGBMRegressionL2Blend,209655,2025-03-23T21:30:00.000Z,135,118,Kentucky,Illinois,9.0,-1.7265307903289795,10.72653079032898,0,2.5,,2025,2025,-0.6778048276901245,2025-03-23T21:30:00.000Z,Men's Basketball Championship - Midwest Region - 2nd Round,TRNMNT,NCAA,False,True,-2.5,2.5,Round of 32,<5,-1.7265307903289795,-2.345306158065796,-2.1519388556480408,-2.345306158065796,-1.0448589146137237,-1.0448589146137237,-1.0448589146137237
LightGBMRegressionL2Blend,209654,2025-03-23T22:10:00.000Z,5,253,Alabama,Saint Mary's,14.0,0.04365241527557373,13.956347584724426,1,-5.5,,2025,2025,3.414867877960205,2025-03-23T22:10:00.000Z,Men's Basketball Championship - East Region - 2nd Round,TRNMNT,NCAA,False,True,5.5,5.5,Round of 32,5-10,0.04365241527557373,4.408730483055115,3.0446435868740087,4.408730483055115,2.234942466020584,2.234942466020584,2.234942466020584
LightGBMRegressionL2Blend,209657,2025-03-23T23:10:00.000Z,160,57,Maryland,Colorado State,1.0,8.077380180358887,7.077380180358887,1,-8.5,,2025,2025,7.0045013427734375,2025-03-23T23:10:00.000Z,Men's Basketball Championship - West Region - 2nd Round,TRNMNT,NCAA,False,True,8.5,8.5,Round of 32,5-10,8.077380180358887,8.415476036071778,8.309821081161498,8.415476036071778,7.380008935928345,7.380008935928345,7.380008935928345
LightGBMRegressionL2Blend,209656,2025-03-24T00:20:00.000Z,125,220,Iowa State,Ole Miss,-13.0,3.903123140335083,16.903123140335083,1,-5.5,,2025,2025,2.301469087600708,2025-03-24T00:20:00.000Z,Men's Basketball Championship - South Region - 2nd Round,TRNMNT,NCAA,False,True,5.5,5.5,Round of 32,5-10,3.903123140335083,5.180624628067017,4.781405413150788,5.180624628067017,2.8620480060577393,2.8620480060577393,2.8620480060577393
LightGBMRegressionL2Blend,209658,2025-03-24T00:50:00.000Z,169,191,Michigan State,New Mexico,8.0,3.3267436027526855,4.6732563972473145,1,-6.5,,2025,2025,7.092053413391113,2025-03-24T00:50:00.000Z,Men's Basketball Championship - South Region - 2nd Round,TRNMNT,NCAA,False,True,6.5,6.5,Round of 32,5-10,3.3267436027526855,5.8653487205505375,5.072034621238709,5.8653487205505375,5.774194979667663,5.774194979667663,5.774194979667663
LightGBMRegressionL2Blend,209666,2025-03-24T01:48:00.000Z,11,223,Arizona,Oregon,4.0,4.255561828613281,0.25556182861328125,1,-4.5,,2025,2025,4.440906047821045,2025-03-24T01:48:00.000Z,Men's Basketball Championship - East Region - 2nd Round,TRNMNT,NCAA,False,True,4.5,4.5,Round of 32,<5,4.255561828613281,4.451112365722656,4.390002822875976,4.451112365722656,4.376035571098328,4.376035571098328,4.376035571098328
LightGBMRegressionL2Blend,209696,2025-03-27T23:09:00.000Z,5,18,Alabama,BYU,25.0,3.0303661823272705,21.96963381767273,1,-4.5,,2025,2025,2.846082925796509,2025-03-27T23:09:00.000Z,Men's Basketball Championship - East Region - Sweet 16,TRNMNT,NCAA,False,True,4.5,4.5,Sweet 16,<5,3.0303661823272705,4.206073236465454,3.838664782047272,4.206073236465454,2.9105820655822754,2.9105820655822754,2.9105820655822754
LightGBMRegressionL2Blend,209697,2025-03-27T23:39:00.000Z,87,160,Florida,Maryland,16.0,2.4393749237060547,13.560625076293945,1,-7.5,,2025,2025,2.2944698333740234,2025-03-27T23:39:00.000Z,Men's Basketball Championship - West Region - Sweet 16,TRNMNT,NCAA,False,True,7.5,7.5,Sweet 16,5-10,2.4393749237060547,6.487874984741211,5.222718715667725,6.487874984741211,2.3451866149902347,2.3451866149902347,2.3451866149902347
LightGBMRegressionL2Blend,209698,2025-03-28T02:03:00.000Z,72,11,Duke,Arizona,7.0,5.605609893798828,1.3943901062011719,1,-9.5,,2025,2025,2.3736860752105713,2025-03-28T02:03:00.000Z,Men's Basketball Championship - East Region - Sweet 16,TRNMNT,NCAA,False,True,9.5,9.5,Sweet 16,5-10,5.605609893798828,8.721121978759765,7.747524452209473,8.721121978759765,3.504859411716461,3.504859411716461,3.504859411716461
LightGBMRegressionL2Blend,209668,2025-03-28T02:20:00.000Z,298,12,Texas Tech,Arkansas,2.0,2.1253602504730225,0.12536025047302246,1,-5.5,,2025,2025,5.7393717765808105,2025-03-28T02:20:00.000Z,Men's Basketball Championship - West Region - Sweet 16,TRNMNT,NCAA,False,True,5.5,5.5,Sweet 16,5-10,2.1253602504730225,4.8250720500946045,3.98141211271286,4.8250720500946045,4.4744677424430845,4.4744677424430845,4.4744677424430845
LightGBMRegressionL2Blend,209702,2025-03-28T23:09:00.000Z,169,220,Michigan State,Ole Miss,3.0,3.5993189811706543,0.5993189811706543,1,-3.5,,2025,2025,2.385748863220215,2025-03-28T23:09:00.000Z,Men's Basketball Championship - South Region - Sweet 16,TRNMNT,NCAA,False,True,3.5,3.5,Sweet 16,<5,3.5993189811706543,3.519863796234131,3.5446935415267946,3.519863796234131,2.8104984045028685,2.8104984045028685,2.8104984045028685
LightGBMRegressionL2Blend,209703,2025-03-28T23:39:00.000Z,292,135,Tennessee,Kentucky,13.0,6.350400924682617,6.649599075317383,1,-4.5,,2025,2025,1.1642473936080933,2025-03-28T23:39:00.000Z,Men's Basketball Championship - Midwest Region - Sweet 16,TRNMNT,NCAA,False,True,4.5,4.5,Sweet 16,<5,6.350400924682617,4.870080184936523,5.332680416107177,4.870080184936523,2.9794011294841765,2.9794011294841765,2.9794011294841765
LightGBMRegressionL2Blend,209671,2025-03-29T02:00:00.000Z,16,170,Auburn,Michigan,13.0,6.575608253479004,6.424391746520996,1,-8.5,,2025,2025,4.534983158111572,2025-03-29T02:00:00.000Z,Men's Basketball Championship - South Region - Sweet 16,TRNMNT,NCAA,False,True,8.5,8.5,Sweet 16,5-10,6.575608253479004,8.115121650695801,7.6340237140655525,8.115121650695801,5.249201941490174,5.249201941490174,5.249201941490174
LightGBMRegressionL2Blend,209670,2025-03-29T02:28:00.000Z,113,236,Houston,Purdue,2.0,5.914858818054199,3.914858818054199,1,-8.5,,2025,2025,3.22574520111084,2025-03-29T02:28:00.000Z,Men's Basketball Championship - Midwest Region - Sweet 16,TRNMNT,NCAA,False,True,8.5,8.5,Sweet 16,5-10,5.914858818054199,7.98297176361084,7.33668646812439,7.98297176361084,4.166934967041016,4.166934967041016,4.166934967041016
LightGBMRegressionL2Blend,209723,2025-03-29T22:09:00.000Z,87,298,Florida,Texas Tech,5.0,3.5688276290893555,1.4311723709106445,1,-6.5,,2025,2025,1.7195351123809814,2025-03-29T22:09:00.000Z,Men's Basketball Championship - West Region - Elite 8,TRNMNT,NCAA,False,True,6.5,6.5,Elite 8,5-10,3.5688276290893555,5.913765525817871,5.18097243309021,5.913765525817871,2.3667874932289124,2.3667874932289124,2.3667874932289124
LightGBMRegressionL2Blend,209724,2025-03-30T00:59:00.000Z,72,5,Duke,Alabama,20.0,3.8983395099639893,16.10166049003601,1,-6.5,,2025,2025,-0.678067684173584,2025-03-30T00:59:00.000Z,Men's Basketball Championship - East Region - Elite 8,TRNMNT,NCAA,False,True,6.5,6.5,Elite 8,5-10,3.8983395099639893,5.979667901992798,5.329252779483795,5.979667901992798,0.9236748337745666,0.9236748337745666,0.9236748337745666
LightGBMRegressionL2Blend,209727,2025-03-30T18:20:00.000Z,113,292,Houston,Tennessee,19.0,0.9833874702453613,18.01661252975464,1,-2.5,,2025,2025,0.6364495158195496,2025-03-30T18:20:00.000Z,Men's Basketball Championship - Midwest Region - Elite 8,TRNMNT,NCAA,False,True,2.5,2.5,Elite 8,<5,0.9833874702453613,2.196677494049072,1.8175243616104124,2.196677494049072,0.7578777998685837,0.7578777998685837,0.7578777998685837
LightGBMRegressionL2Blend,209728,2025-03-30T21:05:00.000Z,16,169,Auburn,Michigan State,6.0,2.0645153522491455,3.9354846477508545,1,-5.5,,2025,2025,3.860813856124878,2025-03-30T21:05:00.000Z,Men's Basketball Championship - South Region - Elite 8,TRNMNT,NCAA,False,True,5.5,5.5,Elite 8,5-10,2.0645153522491455,4.8129030704498295,3.954031908512116,4.8129030704498295,3.2321093797683718,3.2321093797683718,3.2321093797683718
LightGBMRegressionL2Blend,209731,2025-04-05T22:09:00.000Z,16,87,Auburn,Florida,-6.0,-0.0938115119934082,5.906188488006592,0,2.5,,2025,2025,0.040769338607788086,2025-04-05T22:09:00.000Z,Men's Basketball Championship - Final Four,TRNMNT,NCAA,False,True,-2.5,2.5,Final Four,<5,-0.0938115119934082,-2.018762302398682,-1.4172151803970336,-2.018762302398682,-0.0063339591026306125,-0.0063339591026306125,-0.0063339591026306125
LightGBMRegressionL2Blend,209732,2025-04-06T01:28:00.000Z,72,113,Duke,Houston,-3.0,0.06182861328125,3.06182861328125,1,-4.5,,2025,2025,1.3078709840774536,2025-04-06T01:28:00.000Z,Men's Basketball Championship - Final Four,TRNMNT,NCAA,False,True,4.5,4.5,Final Four,<5,0.06182861328125,3.61236572265625,2.5028228759765625,3.61236572265625,0.8717561542987823,0.8717561542987823,0.8717561542987823
LightGBMRegressionL2Blend,209751,2025-04-08T00:50:00.000Z,113,87,Houston,Florida,-2.0,0.678155779838562,2.678155779838562,1,1.5,,2025,2025,-0.5621998906135559,2025-04-08T00:50:00.000Z,Men's Basketball Championship - National Championship,TRNMNT,NCAA,False,True,-1.5,1.5,Championship,<5,0.678155779838562,-1.0643688440322878,-0.5198298990726472,-1.0643688440322878,-0.1280754059553147,-0.1280754059553147,-0.1280754059553147
