date,key,rows,median_poss,median_pts,selected
2025-11-03,silver/fct_pbp_game_teams_flat_garbage_removed/season=2026/date=2025-11-03/part-0d22cfa1.parquet,38,127.67500000000001,137.0,False
2025-11-03,silver/fct_pbp_game_teams_flat_garbage_removed/season=2026/date=2025-11-03/part-1062d462.parquet,38,191.5125,205.5,False
2025-11-03,silver/fct_pbp_game_teams_flat_garbage_removed/season=2026/date=2025-11-03/part-11a384a9.parquet,38,63.837500000000006,68.5,True
2025-11-03,silver/fct_pbp_game_teams_flat_garbage_removed/season=2026/date=2025-11-03/part-1ee18ccc.parquet,38,255.35000000000002,274.0,False
2025-11-03,silver/fct_pbp_game_teams_flat_garbage_removed/season=2026/date=2025-11-03/part-69fc6010.parquet,38,510.70000000000005,548.0,False
2025-11-03,silver/fct_pbp_game_teams_flat_garbage_removed/season=2026/date=2025-11-03/part-8208c3ea.parquet,38,446.86249999999995,479.5,False
2025-11-03,silver/fct_pbp_game_teams_flat_garbage_removed/season=2026/date=2025-11-03/part-a3a2317f.parquet,38,383.025,411.0,False
2025-11-03,silver/fct_pbp_game_teams_flat_garbage_removed/season=2026/date=2025-11-03/part-fabf0a8e.parquet,38,319.1875,342.5,False
2025-11-04,silver/fct_pbp_game_teams_flat_garbage_removed/season=2026/date=2025-11-04/part-0d22cfa1.parquet,292,119.8,134.0,False
2025-11-04,silver/fct_pbp_game_teams_flat_garbage_removed/season=2026/date=2025-11-04/part-1062d462.parquet,292,179.7,201.0,False
2025-11-04,silver/fct_pbp_game_teams_flat_garbage_removed/season=2026/date=2025-11-04/part-11a384a9.parquet,292,59.9,67.0,True
2025-11-04,silver/fct_pbp_game_teams_flat_garbage_removed/season=2026/date=2025-11-04/part-1ee18ccc.parquet,292,239.6,268.0,False
2025-11-04,silver/fct_pbp_game_teams_flat_garbage_removed/season=2026/date=2025-11-04/part-69fc6010.parquet,292,479.2,536.0,False
2025-11-04,silver/fct_pbp_game_teams_flat_garbage_removed/season=2026/date=2025-11-04/part-8208c3ea.parquet,292,419.3,469.0,False
2025-11-04,silver/fct_pbp_game_teams_flat_garbage_removed/season=2026/date=2025-11-04/part-a3a2317f.parquet,292,359.4,402.0,False
2025-11-04,silver/fct_pbp_game_teams_flat_garbage_removed/season=2026/date=2025-11-04/part-fabf0a8e.parquet,292,299.5,335.0,False
2025-11-05,silver/fct_pbp_game_teams_flat_garbage_removed/season=2026/date=2025-11-05/part-0d22cfa1.parquet,78,118.625,129.0,False
2025-11-05,silver/fct_pbp_game_teams_flat_garbage_removed/season=2026/date=2025-11-05/part-1062d462.parquet,78,177.9375,193.5,False
2025-11-05,silver/fct_pbp_game_teams_flat_garbage_removed/season=2026/date=2025-11-05/part-11a384a9.parquet,78,59.3125,64.5,True
2025-11-05,silver/fct_pbp_game_teams_flat_garbage_removed/season=2026/date=2025-11-05/part-1ee18ccc.parquet,78,237.25,258.0,False
2025-11-05,silver/fct_pbp_game_teams_flat_garbage_removed/season=2026/date=2025-11-05/part-69fc6010.parquet,78,474.5,516.0,False
2025-11-05,silver/fct_pbp_game_teams_flat_garbage_removed/season=2026/date=2025-11-05/part-8208c3ea.parquet,78,415.1875,451.5,False
2025-11-05,silver/fct_pbp_game_teams_flat_garbage_removed/season=2026/date=2025-11-05/part-a3a2317f.parquet,78,355.875,387.0,False
2025-11-05,silver/fct_pbp_game_teams_flat_garbage_removed/season=2026/date=2025-11-05/part-fabf0a8e.parquet,78,296.5625,322.5,False
2025-11-06,silver/fct_pbp_game_teams_flat_garbage_removed/season=2026/date=2025-11-06/part-0d22cfa1.parquet,68,118.925,132.0,False
2025-11-06,silver/fct_pbp_game_teams_flat_garbage_removed/season=2026/date=2025-11-06/part-1062d462.parquet,68,178.3875,198.0,False
2025-11-06,silver/fct_pbp_game_teams_flat_garbage_removed/season=2026/date=2025-11-06/part-11a384a9.parquet,68,59.4625,66.0,True
2025-11-06,silver/fct_pbp_game_teams_flat_garbage_removed/season=2026/date=2025-11-06/part-1ee18ccc.parquet,68,237.85,264.0,False
2025-11-06,silver/fct_pbp_game_teams_flat_garbage_removed/season=2026/date=2025-11-06/part-69fc6010.parquet,68,475.7,528.0,False
2025-11-06,silver/fct_pbp_game_teams_flat_garbage_removed/season=2026/date=2025-11-06/part-8208c3ea.parquet,68,416.2375,462.0,False
2025-11-06,silver/fct_pbp_game_teams_flat_garbage_removed/season=2026/date=2025-11-06/part-a3a2317f.parquet,68,356.775,396.0,False
2025-11-06,silver/fct_pbp_game_teams_flat_garbage_removed/season=2026/date=2025-11-06/part-fabf0a8e.parquet,68,297.3125,330.0,False
2025-11-07,silver/fct_pbp_game_teams_flat_garbage_removed/season=2026/date=2025-11-07/part-0d22cfa1.parquet,102,120.4,134.0,False
2025-11-07,silver/fct_pbp_game_teams_flat_garbage_removed/season=2026/date=2025-11-07/part-1062d462.parquet,102,180.6,201.0,False
2025-11-07,silver/fct_pbp_game_teams_flat_garbage_removed/season=2026/date=2025-11-07/part-11a384a9.parquet,102,60.2,67.0,True
2025-11-07,silver/fct_pbp_game_teams_flat_garbage_removed/season=2026/date=2025-11-07/part-1ee18ccc.parquet,102,240.8,268.0,False
2025-11-07,silver/fct_pbp_game_teams_flat_garbage_removed/season=2026/date=2025-11-07/part-69fc6010.parquet,102,481.6,536.0,False
2025-11-07,silver/fct_pbp_game_teams_flat_garbage_removed/season=2026/date=2025-11-07/part-8208c3ea.parquet,102,421.4,469.0,False
2025-11-07,silver/fct_pbp_game_teams_flat_garbage_removed/season=2026/date=2025-11-07/part-a3a2317f.parquet,102,361.2,402.0,False
2025-11-07,silver/fct_pbp_game_teams_flat_garbage_removed/season=2026/date=2025-11-07/part-fabf0a8e.parquet,102,301.0,335.0,False
2025-11-08,silver/fct_pbp_game_teams_flat_garbage_removed/season=2026/date=2025-11-08/part-0d22cfa1.parquet,218,127.45,141.0,False
2025-11-08,silver/fct_pbp_game_teams_flat_garbage_removed/season=2026/date=2025-11-08/part-1062d462.parquet,218,191.175,211.5,False
2025-11-08,silver/fct_pbp_game_teams_flat_garbage_removed/season=2026/date=2025-11-08/part-11a384a9.parquet,218,63.725,70.5,True
2025-11-08,silver/fct_pbp_game_teams_flat_garbage_removed/season=2026/date=2025-11-08/part-1ee18ccc.parquet,218,254.9,282.0,False
2025-11-08,silver/fct_pbp_game_teams_flat_garbage_removed/season=2026/date=2025-11-08/part-69fc6010.parquet,218,509.8,564.0,False
2025-11-08,silver/fct_pbp_game_teams_flat_garbage_removed/season=2026/date=2025-11-08/part-8208c3ea.parquet,218,446.075,493.5,False
2025-11-08,silver/fct_pbp_game_teams_flat_garbage_removed/season=2026/date=2025-11-08/part-a3a2317f.parquet,218,382.35,423.0,False
2025-11-08,silver/fct_pbp_game_teams_flat_garbage_removed/season=2026/date=2025-11-08/part-fabf0a8e.parquet,218,318.625,352.5,False
2025-11-09,silver/fct_pbp_game_teams_flat_garbage_removed/season=2026/date=2025-11-09/part-0d22cfa1.parquet,102,123.375,138.0,False
2025-11-09,silver/fct_pbp_game_teams_flat_garbage_removed/season=2026/date=2025-11-09/part-1062d462.parquet,102,185.0625,207.0,False
2025-11-09,silver/fct_pbp_game_teams_flat_garbage_removed/season=2026/date=2025-11-09/part-11a384a9.parquet,102,61.6875,69.0,True
2025-11-09,silver/fct_pbp_game_teams_flat_garbage_removed/season=2026/date=2025-11-09/part-1ee18ccc.parquet,102,246.75,276.0,False
2025-11-09,silver/fct_pbp_game_teams_flat_garbage_removed/season=2026/date=2025-11-09/part-69fc6010.parquet,102,493.5,552.0,False
2025-11-09,silver/fct_pbp_game_teams_flat_garbage_removed/season=2026/date=2025-11-09/part-8208c3ea.parquet,102,431.8125,483.0,False
2025-11-09,silver/fct_pbp_game_teams_flat_garbage_removed/season=2026/date=2025-11-09/part-a3a2317f.parquet,102,370.125,414.0,False
2025-11-09,silver/fct_pbp_game_teams_flat_garbage_removed/season=2026/date=2025-11-09/part-fabf0a8e.parquet,102,308.4375,345.0,False
2025-11-10,silver/fct_pbp_game_teams_flat_garbage_removed/season=2026/date=2025-11-10/part-0d22cfa1.parquet,26,116.6,128.0,False
2025-11-10,silver/fct_pbp_game_teams_flat_garbage_removed/season=2026/date=2025-11-10/part-1062d462.parquet,26,174.89999999999998,192.0,False
2025-11-10,silver/fct_pbp_game_teams_flat_garbage_removed/season=2026/date=2025-11-10/part-11a384a9.parquet,26,58.3,64.0,True
2025-11-10,silver/fct_pbp_game_teams_flat_garbage_removed/season=2026/date=2025-11-10/part-1ee18ccc.parquet,26,233.2,256.0,False
2025-11-10,silver/fct_pbp_game_teams_flat_garbage_removed/season=2026/date=2025-11-10/part-69fc6010.parquet,26,466.4,512.0,False
2025-11-10,silver/fct_pbp_game_teams_flat_garbage_removed/season=2026/date=2025-11-10/part-8208c3ea.parquet,26,408.1,448.0,False
2025-11-10,silver/fct_pbp_game_teams_flat_garbage_removed/season=2026/date=2025-11-10/part-a3a2317f.parquet,26,349.79999999999995,384.0,False
2025-11-10,silver/fct_pbp_game_teams_flat_garbage_removed/season=2026/date=2025-11-10/part-fabf0a8e.parquet,26,291.5,320.0,False
2025-11-11,silver/fct_pbp_game_teams_flat_garbage_removed/season=2026/date=2025-11-11/part-0d22cfa1.parquet,86,120.05000000000001,134.0,False
2025-11-11,silver/fct_pbp_game_teams_flat_garbage_removed/season=2026/date=2025-11-11/part-1062d462.parquet,86,180.075,201.0,False
2025-11-11,silver/fct_pbp_game_teams_flat_garbage_removed/season=2026/date=2025-11-11/part-11a384a9.parquet,86,60.025000000000006,67.0,True
2025-11-11,silver/fct_pbp_game_teams_flat_garbage_removed/season=2026/date=2025-11-11/part-1ee18ccc.parquet,86,240.10000000000002,268.0,False
2025-11-11,silver/fct_pbp_game_teams_flat_garbage_removed/season=2026/date=2025-11-11/part-69fc6010.parquet,86,480.20000000000005,536.0,False
2025-11-11,silver/fct_pbp_game_teams_flat_garbage_removed/season=2026/date=2025-11-11/part-8208c3ea.parquet,86,420.175,469.0,False
2025-11-11,silver/fct_pbp_game_teams_flat_garbage_removed/season=2026/date=2025-11-11/part-a3a2317f.parquet,86,360.15,402.0,False
2025-11-11,silver/fct_pbp_game_teams_flat_garbage_removed/season=2026/date=2025-11-11/part-fabf0a8e.parquet,86,300.125,335.0,False
2025-11-12,silver/fct_pbp_game_teams_flat_garbage_removed/season=2026/date=2025-11-12/part-0d22cfa1.parquet,142,124.15,132.0,False
2025-11-12,silver/fct_pbp_game_teams_flat_garbage_removed/season=2026/date=2025-11-12/part-1062d462.parquet,142,186.225,198.0,False
2025-11-12,silver/fct_pbp_game_teams_flat_garbage_removed/season=2026/date=2025-11-12/part-11a384a9.parquet,142,62.075,66.0,True
2025-11-12,silver/fct_pbp_game_teams_flat_garbage_removed/season=2026/date=2025-11-12/part-1ee18ccc.parquet,142,248.3,264.0,False
2025-11-12,silver/fct_pbp_game_teams_flat_garbage_removed/season=2026/date=2025-11-12/part-69fc6010.parquet,142,496.6,528.0,False
2025-11-12,silver/fct_pbp_game_teams_flat_garbage_removed/season=2026/date=2025-11-12/part-8208c3ea.parquet,142,434.525,462.0,False
2025-11-12,silver/fct_pbp_game_teams_flat_garbage_removed/season=2026/date=2025-11-12/part-a3a2317f.parquet,142,372.45,396.0,False
2025-11-12,silver/fct_pbp_game_teams_flat_garbage_removed/season=2026/date=2025-11-12/part-fabf0a8e.parquet,142,310.375,330.0,False
2025-11-13,silver/fct_pbp_game_teams_flat_garbage_removed/season=2026/date=2025-11-13/part-0d22cfa1.parquet,112,123.675,138.0,False
2025-11-13,silver/fct_pbp_game_teams_flat_garbage_removed/season=2026/date=2025-11-13/part-1062d462.parquet,112,185.5125,207.0,False
2025-11-13,silver/fct_pbp_game_teams_flat_garbage_removed/season=2026/date=2025-11-13/part-11a384a9.parquet,112,61.8375,69.0,True
2025-11-13,silver/fct_pbp_game_teams_flat_garbage_removed/season=2026/date=2025-11-13/part-1ee18ccc.parquet,112,247.35,276.0,False
2025-11-13,silver/fct_pbp_game_teams_flat_garbage_removed/season=2026/date=2025-11-13/part-69fc6010.parquet,112,494.7,552.0,False
2025-11-13,silver/fct_pbp_game_teams_flat_garbage_removed/season=2026/date=2025-11-13/part-8208c3ea.parquet,112,432.8625,483.0,False
2025-11-13,silver/fct_pbp_game_teams_flat_garbage_removed/season=2026/date=2025-11-13/part-a3a2317f.parquet,112,371.025,414.0,False
2025-11-13,silver/fct_pbp_game_teams_flat_garbage_removed/season=2026/date=2025-11-13/part-fabf0a8e.parquet,112,309.1875,345.0,False
2025-11-14,silver/fct_pbp_game_teams_flat_garbage_removed/season=2026/date=2025-11-14/part-0d22cfa1.parquet,56,129.85000000000002,142.0,False
2025-11-14,silver/fct_pbp_game_teams_flat_garbage_removed/season=2026/date=2025-11-14/part-1062d462.parquet,56,194.77499999999998,213.0,False
2025-11-14,silver/fct_pbp_game_teams_flat_garbage_removed/season=2026/date=2025-11-14/part-11a384a9.parquet,56,64.92500000000001,71.0,True
2025-11-14,silver/fct_pbp_game_teams_flat_garbage_removed/season=2026/date=2025-11-14/part-1ee18ccc.parquet,56,259.70000000000005,284.0,False
2025-11-14,silver/fct_pbp_game_teams_flat_garbage_removed/season=2026/date=2025-11-14/part-69fc6010.parquet,56,519.4000000000001,568.0,False
2025-11-14,silver/fct_pbp_game_teams_flat_garbage_removed/season=2026/date=2025-11-14/part-8208c3ea.parquet,56,454.475,497.0,False
2025-11-14,silver/fct_pbp_game_teams_flat_garbage_removed/season=2026/date=2025-11-14/part-a3a2317f.parquet,56,389.54999999999995,426.0,False
2025-11-14,silver/fct_pbp_game_teams_flat_garbage_removed/season=2026/date=2025-11-14/part-fabf0a8e.parquet,56,324.625,355.0,False
2025-11-15,silver/fct_pbp_game_teams_flat_garbage_removed/season=2026/date=2025-11-15/part-0d22cfa1.parquet,196,128.52499999999998,140.0,False
2025-11-15,silver/fct_pbp_game_teams_flat_garbage_removed/season=2026/date=2025-11-15/part-1062d462.parquet,196,192.78750000000002,210.0,False
2025-11-15,silver/fct_pbp_game_teams_flat_garbage_removed/season=2026/date=2025-11-15/part-11a384a9.parquet,196,64.26249999999999,70.0,True
2025-11-15,silver/fct_pbp_game_teams_flat_garbage_removed/season=2026/date=2025-11-15/part-1ee18ccc.parquet,196,257.04999999999995,280.0,False
2025-11-15,silver/fct_pbp_game_teams_flat_garbage_removed/season=2026/date=2025-11-15/part-69fc6010.parquet,196,514.0999999999999,560.0,False
2025-11-15,silver/fct_pbp_game_teams_flat_garbage_removed/season=2026/date=2025-11-15/part-8208c3ea.parquet,196,449.8375,490.0,False
2025-11-15,silver/fct_pbp_game_teams_flat_garbage_removed/season=2026/date=2025-11-15/part-a3a2317f.parquet,196,385.57500000000005,420.0,False
2025-11-15,silver/fct_pbp_game_teams_flat_garbage_removed/season=2026/date=2025-11-15/part-fabf0a8e.parquet,196,321.3125,350.0,False
2025-11-16,silver/fct_pbp_game_teams_flat_garbage_removed/season=2026/date=2025-11-16/part-0d22cfa1.parquet,112,134.175,144.0,False
2025-11-16,silver/fct_pbp_game_teams_flat_garbage_removed/season=2026/date=2025-11-16/part-1062d462.parquet,112,201.2625,216.0,False
2025-11-16,silver/fct_pbp_game_teams_flat_garbage_removed/season=2026/date=2025-11-16/part-11a384a9.parquet,112,67.0875,72.0,True
2025-11-16,silver/fct_pbp_game_teams_flat_garbage_removed/season=2026/date=2025-11-16/part-1ee18ccc.parquet,112,268.35,288.0,False
2025-11-16,silver/fct_pbp_game_teams_flat_garbage_removed/season=2026/date=2025-11-16/part-69fc6010.parquet,112,536.7,576.0,False
2025-11-16,silver/fct_pbp_game_teams_flat_garbage_removed/season=2026/date=2025-11-16/part-8208c3ea.parquet,112,469.6125,504.0,False
2025-11-16,silver/fct_pbp_game_teams_flat_garbage_removed/season=2026/date=2025-11-16/part-a3a2317f.parquet,112,402.525,432.0,False
2025-11-16,silver/fct_pbp_game_teams_flat_garbage_removed/season=2026/date=2025-11-16/part-fabf0a8e.parquet,112,335.4375,360.0,False
2025-11-17,silver/fct_pbp_game_teams_flat_garbage_removed/season=2026/date=2025-11-17/part-0d22cfa1.parquet,10,136.075,151.0,False
2025-11-17,silver/fct_pbp_game_teams_flat_garbage_removed/season=2026/date=2025-11-17/part-1062d462.parquet,10,204.1125,226.5,False
2025-11-17,silver/fct_pbp_game_teams_flat_garbage_removed/season=2026/date=2025-11-17/part-11a384a9.parquet,10,68.0375,75.5,True
2025-11-17,silver/fct_pbp_game_teams_flat_garbage_removed/season=2026/date=2025-11-17/part-1ee18ccc.parquet,10,272.15,302.0,False
2025-11-17,silver/fct_pbp_game_teams_flat_garbage_removed/season=2026/date=2025-11-17/part-69fc6010.parquet,10,544.3,604.0,False
2025-11-17,silver/fct_pbp_game_teams_flat_garbage_removed/season=2026/date=2025-11-17/part-8208c3ea.parquet,10,476.2625,528.5,False
2025-11-17,silver/fct_pbp_game_teams_flat_garbage_removed/season=2026/date=2025-11-17/part-a3a2317f.parquet,10,408.225,453.0,False
2025-11-17,silver/fct_pbp_game_teams_flat_garbage_removed/season=2026/date=2025-11-17/part-fabf0a8e.parquet,10,340.1875,377.5,False
2025-11-18,silver/fct_pbp_game_teams_flat_garbage_removed/season=2026/date=2025-11-18/part-0d22cfa1.parquet,78,128.2,141.0,False
2025-11-18,silver/fct_pbp_game_teams_flat_garbage_removed/season=2026/date=2025-11-18/part-1062d462.parquet,78,192.3,211.5,False
2025-11-18,silver/fct_pbp_game_teams_flat_garbage_removed/season=2026/date=2025-11-18/part-11a384a9.parquet,78,64.1,70.5,True
2025-11-18,silver/fct_pbp_game_teams_flat_garbage_removed/season=2026/date=2025-11-18/part-1ee18ccc.parquet,78,256.4,282.0,False
2025-11-18,silver/fct_pbp_game_teams_flat_garbage_removed/season=2026/date=2025-11-18/part-69fc6010.parquet,78,512.8,564.0,False
2025-11-18,silver/fct_pbp_game_teams_flat_garbage_removed/season=2026/date=2025-11-18/part-8208c3ea.parquet,78,448.7,493.5,False
2025-11-18,silver/fct_pbp_game_teams_flat_garbage_removed/season=2026/date=2025-11-18/part-a3a2317f.parquet,78,384.6,423.0,False
2025-11-18,silver/fct_pbp_game_teams_flat_garbage_removed/season=2026/date=2025-11-18/part-fabf0a8e.parquet,78,320.5,352.5,False
2025-11-19,silver/fct_pbp_game_teams_flat_garbage_removed/season=2026/date=2025-11-19/part-0d22cfa1.parquet,134,126.1,134.0,False
2025-11-19,silver/fct_pbp_game_teams_flat_garbage_removed/season=2026/date=2025-11-19/part-1062d462.parquet,134,189.15,201.0,False
2025-11-19,silver/fct_pbp_game_teams_flat_garbage_removed/season=2026/date=2025-11-19/part-11a384a9.parquet,134,63.05,67.0,True
2025-11-19,silver/fct_pbp_game_teams_flat_garbage_removed/season=2026/date=2025-11-19/part-1ee18ccc.parquet,134,252.2,268.0,False
2025-11-19,silver/fct_pbp_game_teams_flat_garbage_removed/season=2026/date=2025-11-19/part-69fc6010.parquet,134,504.4,536.0,False
2025-11-19,silver/fct_pbp_game_teams_flat_garbage_removed/season=2026/date=2025-11-19/part-8208c3ea.parquet,134,441.35,469.0,False
2025-11-19,silver/fct_pbp_game_teams_flat_garbage_removed/season=2026/date=2025-11-19/part-a3a2317f.parquet,134,378.3,402.0,False
2025-11-19,silver/fct_pbp_game_teams_flat_garbage_removed/season=2026/date=2025-11-19/part-fabf0a8e.parquet,134,315.25,335.0,False
2025-11-20,silver/fct_pbp_game_teams_flat_garbage_removed/season=2026/date=2025-11-20/part-0d22cfa1.parquet,106,131.05,144.0,False
2025-11-20,silver/fct_pbp_game_teams_flat_garbage_removed/season=2026/date=2025-11-20/part-1062d462.parquet,106,196.575,216.0,False
2025-11-20,silver/fct_pbp_game_teams_flat_garbage_removed/season=2026/date=2025-11-20/part-11a384a9.parquet,106,65.525,72.0,True
2025-11-20,silver/fct_pbp_game_teams_flat_garbage_removed/season=2026/date=2025-11-20/part-1ee18ccc.parquet,106,262.1,288.0,False
2025-11-20,silver/fct_pbp_game_teams_flat_garbage_removed/season=2026/date=2025-11-20/part-69fc6010.parquet,106,524.2,576.0,False
2025-11-20,silver/fct_pbp_game_teams_flat_garbage_removed/season=2026/date=2025-11-20/part-8208c3ea.parquet,106,458.675,504.0,False
2025-11-20,silver/fct_pbp_game_teams_flat_garbage_removed/season=2026/date=2025-11-20/part-a3a2317f.parquet,106,393.15,432.0,False
2025-11-20,silver/fct_pbp_game_teams_flat_garbage_removed/season=2026/date=2025-11-20/part-fabf0a8e.parquet,106,327.625,360.0,False
2025-11-21,silver/fct_pbp_game_teams_flat_garbage_removed/season=2026/date=2025-11-21/part-0d22cfa1.parquet,102,123.975,137.0,False
2025-11-21,silver/fct_pbp_game_teams_flat_garbage_removed/season=2026/date=2025-11-21/part-1062d462.parquet,102,185.9625,205.5,False
2025-11-21,silver/fct_pbp_game_teams_flat_garbage_removed/season=2026/date=2025-11-21/part-11a384a9.parquet,102,61.9875,68.5,True
2025-11-21,silver/fct_pbp_game_teams_flat_garbage_removed/season=2026/date=2025-11-21/part-1ee18ccc.parquet,102,247.95,274.0,False
2025-11-21,silver/fct_pbp_game_teams_flat_garbage_removed/season=2026/date=2025-11-21/part-69fc6010.parquet,102,495.9,548.0,False
2025-11-21,silver/fct_pbp_game_teams_flat_garbage_removed/season=2026/date=2025-11-21/part-8208c3ea.parquet,102,433.9125,479.5,False
2025-11-21,silver/fct_pbp_game_teams_flat_garbage_removed/season=2026/date=2025-11-21/part-a3a2317f.parquet,102,371.925,411.0,False
2025-11-21,silver/fct_pbp_game_teams_flat_garbage_removed/season=2026/date=2025-11-21/part-fabf0a8e.parquet,102,309.9375,342.5,False
2025-11-22,silver/fct_pbp_game_teams_flat_garbage_removed/season=2026/date=2025-11-22/part-0d22cfa1.parquet,162,126.75,140.0,False
2025-11-22,silver/fct_pbp_game_teams_flat_garbage_removed/season=2026/date=2025-11-22/part-1062d462.parquet,162,190.125,210.0,False
2025-11-22,silver/fct_pbp_game_teams_flat_garbage_removed/season=2026/date=2025-11-22/part-11a384a9.parquet,162,63.375,70.0,True
2025-11-22,silver/fct_pbp_game_teams_flat_garbage_removed/season=2026/date=2025-11-22/part-1ee18ccc.parquet,162,253.5,280.0,False
2025-11-22,silver/fct_pbp_game_teams_flat_garbage_removed/season=2026/date=2025-11-22/part-69fc6010.parquet,162,507.0,560.0,False
2025-11-22,silver/fct_pbp_game_teams_flat_garbage_removed/season=2026/date=2025-11-22/part-8208c3ea.parquet,162,443.625,490.0,False
2025-11-22,silver/fct_pbp_game_teams_flat_garbage_removed/season=2026/date=2025-11-22/part-a3a2317f.parquet,162,380.25,420.0,False
2025-11-22,silver/fct_pbp_game_teams_flat_garbage_removed/season=2026/date=2025-11-22/part-fabf0a8e.parquet,162,316.875,350.0,False
2025-11-23,silver/fct_pbp_game_teams_flat_garbage_removed/season=2026/date=2025-11-23/part-0d22cfa1.parquet,104,129.3,143.0,False
2025-11-23,silver/fct_pbp_game_teams_flat_garbage_removed/season=2026/date=2025-11-23/part-1062d462.parquet,104,193.95,214.5,False
2025-11-23,silver/fct_pbp_game_teams_flat_garbage_removed/season=2026/date=2025-11-23/part-11a384a9.parquet,104,64.65,71.5,True
2025-11-23,silver/fct_pbp_game_teams_flat_garbage_removed/season=2026/date=2025-11-23/part-1ee18ccc.parquet,104,258.6,286.0,False
2025-11-23,silver/fct_pbp_game_teams_flat_garbage_removed/season=2026/date=2025-11-23/part-69fc6010.parquet,104,517.2,572.0,False
2025-11-23,silver/fct_pbp_game_teams_flat_garbage_removed/season=2026/date=2025-11-23/part-8208c3ea.parquet,104,452.55,500.5,False
2025-11-23,silver/fct_pbp_game_teams_flat_garbage_removed/season=2026/date=2025-11-23/part-a3a2317f.parquet,104,387.9,429.0,False
2025-11-23,silver/fct_pbp_game_teams_flat_garbage_removed/season=2026/date=2025-11-23/part-fabf0a8e.parquet,104,323.25,357.5,False
2025-11-24,silver/fct_pbp_game_teams_flat_garbage_removed/season=2026/date=2025-11-24/part-0d22cfa1.parquet,74,133.1,141.0,False
2025-11-24,silver/fct_pbp_game_teams_flat_garbage_removed/season=2026/date=2025-11-24/part-1062d462.parquet,74,199.65,211.5,False
2025-11-24,silver/fct_pbp_game_teams_flat_garbage_removed/season=2026/date=2025-11-24/part-11a384a9.parquet,74,66.55,70.5,True
2025-11-24,silver/fct_pbp_game_teams_flat_garbage_removed/season=2026/date=2025-11-24/part-1ee18ccc.parquet,74,266.2,282.0,False
2025-11-24,silver/fct_pbp_game_teams_flat_garbage_removed/season=2026/date=2025-11-24/part-69fc6010.parquet,74,532.4,564.0,False
2025-11-24,silver/fct_pbp_game_teams_flat_garbage_removed/season=2026/date=2025-11-24/part-8208c3ea.parquet,74,465.85,493.5,False
2025-11-24,silver/fct_pbp_game_teams_flat_garbage_removed/season=2026/date=2025-11-24/part-a3a2317f.parquet,74,399.3,423.0,False
2025-11-24,silver/fct_pbp_game_teams_flat_garbage_removed/season=2026/date=2025-11-24/part-fabf0a8e.parquet,74,332.75,352.5,False
2025-11-25,silver/fct_pbp_game_teams_flat_garbage_removed/season=2026/date=2025-11-25/part-0d22cfa1.parquet,124,125.85,140.0,False
2025-11-25,silver/fct_pbp_game_teams_flat_garbage_removed/season=2026/date=2025-11-25/part-1062d462.parquet,124,188.775,210.0,False
2025-11-25,silver/fct_pbp_game_teams_flat_garbage_removed/season=2026/date=2025-11-25/part-11a384a9.parquet,124,62.925,70.0,True
2025-11-25,silver/fct_pbp_game_teams_flat_garbage_removed/season=2026/date=2025-11-25/part-1ee18ccc.parquet,124,251.7,280.0,False
2025-11-25,silver/fct_pbp_game_teams_flat_garbage_removed/season=2026/date=2025-11-25/part-69fc6010.parquet,124,503.4,560.0,False
2025-11-25,silver/fct_pbp_game_teams_flat_garbage_removed/season=2026/date=2025-11-25/part-8208c3ea.parquet,124,440.475,490.0,False
2025-11-25,silver/fct_pbp_game_teams_flat_garbage_removed/season=2026/date=2025-11-25/part-a3a2317f.parquet,124,377.55,420.0,False
2025-11-25,silver/fct_pbp_game_teams_flat_garbage_removed/season=2026/date=2025-11-25/part-fabf0a8e.parquet,124,314.625,350.0,False
2025-11-26,silver/fct_pbp_game_teams_flat_garbage_removed/season=2026/date=2025-11-26/part-0d22cfa1.parquet,172,125.4,136.0,False
2025-11-26,silver/fct_pbp_game_teams_flat_garbage_removed/season=2026/date=2025-11-26/part-1062d462.parquet,172,188.1,204.0,False
2025-11-26,silver/fct_pbp_game_teams_flat_garbage_removed/season=2026/date=2025-11-26/part-11a384a9.parquet,172,62.7,68.0,True
2025-11-26,silver/fct_pbp_game_teams_flat_garbage_removed/season=2026/date=2025-11-26/part-1ee18ccc.parquet,172,250.8,272.0,False
2025-11-26,silver/fct_pbp_game_teams_flat_garbage_removed/season=2026/date=2025-11-26/part-69fc6010.parquet,172,501.6,544.0,False
2025-11-26,silver/fct_pbp_game_teams_flat_garbage_removed/season=2026/date=2025-11-26/part-8208c3ea.parquet,172,438.9,476.0,False
2025-11-26,silver/fct_pbp_game_teams_flat_garbage_removed/season=2026/date=2025-11-26/part-a3a2317f.parquet,172,376.2,408.0,False
2025-11-26,silver/fct_pbp_game_teams_flat_garbage_removed/season=2026/date=2025-11-26/part-fabf0a8e.parquet,172,313.5,340.0,False
2025-11-27,silver/fct_pbp_game_teams_flat_garbage_removed/season=2026/date=2025-11-27/part-0d22cfa1.parquet,77,133.3,144.0,False
2025-11-27,silver/fct_pbp_game_teams_flat_garbage_removed/season=2026/date=2025-11-27/part-1062d462.parquet,77,199.95,216.0,False
2025-11-27,silver/fct_pbp_game_teams_flat_garbage_removed/season=2026/date=2025-11-27/part-11a384a9.parquet,77,66.65,72.0,True
2025-11-27,silver/fct_pbp_game_teams_flat_garbage_removed/season=2026/date=2025-11-27/part-1ee18ccc.parquet,77,266.6,288.0,False
2025-11-27,silver/fct_pbp_game_teams_flat_garbage_removed/season=2026/date=2025-11-27/part-69fc6010.parquet,77,533.2,576.0,False
2025-11-27,silver/fct_pbp_game_teams_flat_garbage_removed/season=2026/date=2025-11-27/part-8208c3ea.parquet,77,466.55,504.0,False
2025-11-27,silver/fct_pbp_game_teams_flat_garbage_removed/season=2026/date=2025-11-27/part-a3a2317f.parquet,77,399.9,432.0,False
2025-11-27,silver/fct_pbp_game_teams_flat_garbage_removed/season=2026/date=2025-11-27/part-fabf0a8e.parquet,77,333.25,360.0,False
2025-11-28,silver/fct_pbp_game_teams_flat_garbage_removed/season=2026/date=2025-11-28/part-0d22cfa1.parquet,82,131.0,138.0,False
2025-11-28,silver/fct_pbp_game_teams_flat_garbage_removed/season=2026/date=2025-11-28/part-1062d462.parquet,82,196.5,207.0,False
2025-11-28,silver/fct_pbp_game_teams_flat_garbage_removed/season=2026/date=2025-11-28/part-11a384a9.parquet,82,65.5,69.0,True
2025-11-28,silver/fct_pbp_game_teams_flat_garbage_removed/season=2026/date=2025-11-28/part-1ee18ccc.parquet,82,262.0,276.0,False
2025-11-28,silver/fct_pbp_game_teams_flat_garbage_removed/season=2026/date=2025-11-28/part-69fc6010.parquet,82,524.0,552.0,False
2025-11-28,silver/fct_pbp_game_teams_flat_garbage_removed/season=2026/date=2025-11-28/part-8208c3ea.parquet,82,458.5,483.0,False
2025-11-28,silver/fct_pbp_game_teams_flat_garbage_removed/season=2026/date=2025-11-28/part-a3a2317f.parquet,82,393.0,414.0,False
2025-11-28,silver/fct_pbp_game_teams_flat_garbage_removed/season=2026/date=2025-11-28/part-fabf0a8e.parquet,82,327.5,345.0,False
2025-11-29,silver/fct_pbp_game_teams_flat_garbage_removed/season=2026/date=2025-11-29/part-0d22cfa1.parquet,138,124.725,136.0,False
2025-11-29,silver/fct_pbp_game_teams_flat_garbage_removed/season=2026/date=2025-11-29/part-1062d462.parquet,138,187.0875,204.0,False
2025-11-29,silver/fct_pbp_game_teams_flat_garbage_removed/season=2026/date=2025-11-29/part-11a384a9.parquet,138,62.3625,68.0,True
2025-11-29,silver/fct_pbp_game_teams_flat_garbage_removed/season=2026/date=2025-11-29/part-1ee18ccc.parquet,138,249.45,272.0,False
2025-11-29,silver/fct_pbp_game_teams_flat_garbage_removed/season=2026/date=2025-11-29/part-69fc6010.parquet,138,498.9,544.0,False
2025-11-29,silver/fct_pbp_game_teams_flat_garbage_removed/season=2026/date=2025-11-29/part-8208c3ea.parquet,138,436.5375,476.0,False
2025-11-29,silver/fct_pbp_game_teams_flat_garbage_removed/season=2026/date=2025-11-29/part-a3a2317f.parquet,138,374.175,408.0,False
2025-11-29,silver/fct_pbp_game_teams_flat_garbage_removed/season=2026/date=2025-11-29/part-fabf0a8e.parquet,138,311.8125,340.0,False
2025-11-30,silver/fct_pbp_game_teams_flat_garbage_removed/season=2026/date=2025-11-30/part-0d22cfa1.parquet,89,125.5,138.0,False
2025-11-30,silver/fct_pbp_game_teams_flat_garbage_removed/season=2026/date=2025-11-30/part-1062d462.parquet,89,188.25,207.0,False
2025-11-30,silver/fct_pbp_game_teams_flat_garbage_removed/season=2026/date=2025-11-30/part-11a384a9.parquet,89,62.75,69.0,True
2025-11-30,silver/fct_pbp_game_teams_flat_garbage_removed/season=2026/date=2025-11-30/part-1ee18ccc.parquet,89,251.0,276.0,False
2025-11-30,silver/fct_pbp_game_teams_flat_garbage_removed/season=2026/date=2025-11-30/part-69fc6010.parquet,89,502.0,552.0,False
2025-11-30,silver/fct_pbp_game_teams_flat_garbage_removed/season=2026/date=2025-11-30/part-8208c3ea.parquet,89,439.25,483.0,False
2025-11-30,silver/fct_pbp_game_teams_flat_garbage_removed/season=2026/date=2025-11-30/part-a3a2317f.parquet,89,376.5,414.0,False
2025-11-30,silver/fct_pbp_game_teams_flat_garbage_removed/season=2026/date=2025-11-30/part-fabf0a8e.parquet,89,313.75,345.0,False
2025-12-01,silver/fct_pbp_game_teams_flat_garbage_removed/season=2026/date=2025-12-01/part-0d22cfa1.parquet,6,111.35,117.0,False
2025-12-01,silver/fct_pbp_game_teams_flat_garbage_removed/season=2026/date=2025-12-01/part-1062d462.parquet,6,167.02499999999998,175.5,False
2025-12-01,silver/fct_pbp_game_teams_flat_garbage_removed/season=2026/date=2025-12-01/part-11a384a9.parquet,6,55.675,58.5,True
2025-12-01,silver/fct_pbp_game_teams_flat_garbage_removed/season=2026/date=2025-12-01/part-1ee18ccc.parquet,6,222.7,234.0,False
2025-12-01,silver/fct_pbp_game_teams_flat_garbage_removed/season=2026/date=2025-12-01/part-69fc6010.parquet,6,445.4,468.0,False
2025-12-01,silver/fct_pbp_game_teams_flat_garbage_removed/season=2026/date=2025-12-01/part-8208c3ea.parquet,6,389.725,409.5,False
2025-12-01,silver/fct_pbp_game_teams_flat_garbage_removed/season=2026/date=2025-12-01/part-a3a2317f.parquet,6,334.04999999999995,351.0,False
2025-12-01,silver/fct_pbp_game_teams_flat_garbage_removed/season=2026/date=2025-12-01/part-fabf0a8e.parquet,6,278.375,292.5,False
2025-12-02,silver/fct_pbp_game_teams_flat_garbage_removed/season=2026/date=2025-12-02/part-0d22cfa1.parquet,38,121.1,140.0,False
2025-12-02,silver/fct_pbp_game_teams_flat_garbage_removed/season=2026/date=2025-12-02/part-1062d462.parquet,38,181.65,210.0,False
2025-12-02,silver/fct_pbp_game_teams_flat_garbage_removed/season=2026/date=2025-12-02/part-11a384a9.parquet,38,60.55,70.0,True
2025-12-02,silver/fct_pbp_game_teams_flat_garbage_removed/season=2026/date=2025-12-02/part-1ee18ccc.parquet,38,242.2,280.0,False
2025-12-02,silver/fct_pbp_game_teams_flat_garbage_removed/season=2026/date=2025-12-02/part-69fc6010.parquet,38,484.4,560.0,False
2025-12-02,silver/fct_pbp_game_teams_flat_garbage_removed/season=2026/date=2025-12-02/part-8208c3ea.parquet,38,423.85,490.0,False
2025-12-02,silver/fct_pbp_game_teams_flat_garbage_removed/season=2026/date=2025-12-02/part-a3a2317f.parquet,38,363.3,420.0,False
2025-12-02,silver/fct_pbp_game_teams_flat_garbage_removed/season=2026/date=2025-12-02/part-fabf0a8e.parquet,38,302.75,350.0,False
2025-12-03,silver/fct_pbp_game_teams_flat_garbage_removed/season=2026/date=2025-12-03/part-0d22cfa1.parquet,118,127.225,139.0,False
2025-12-03,silver/fct_pbp_game_teams_flat_garbage_removed/season=2026/date=2025-12-03/part-1062d462.parquet,118,190.8375,208.5,False
2025-12-03,silver/fct_pbp_game_teams_flat_garbage_removed/season=2026/date=2025-12-03/part-11a384a9.parquet,118,63.6125,69.5,True
2025-12-03,silver/fct_pbp_game_teams_flat_garbage_removed/season=2026/date=2025-12-03/part-1ee18ccc.parquet,118,254.45,278.0,False
2025-12-03,silver/fct_pbp_game_teams_flat_garbage_removed/season=2026/date=2025-12-03/part-69fc6010.parquet,118,508.9,556.0,False
2025-12-03,silver/fct_pbp_game_teams_flat_garbage_removed/season=2026/date=2025-12-03/part-8208c3ea.parquet,118,445.2875,486.5,False
2025-12-03,silver/fct_pbp_game_teams_flat_garbage_removed/season=2026/date=2025-12-03/part-a3a2317f.parquet,118,381.675,417.0,False
2025-12-03,silver/fct_pbp_game_teams_flat_garbage_removed/season=2026/date=2025-12-03/part-fabf0a8e.parquet,118,318.0625,347.5,False
2025-12-04,silver/fct_pbp_game_teams_flat_garbage_removed/season=2026/date=2025-12-04/part-0d22cfa1.parquet,144,131.85000000000002,142.0,False
2025-12-04,silver/fct_pbp_game_teams_flat_garbage_removed/season=2026/date=2025-12-04/part-1062d462.parquet,144,197.77499999999998,213.0,False
2025-12-04,silver/fct_pbp_game_teams_flat_garbage_removed/season=2026/date=2025-12-04/part-11a384a9.parquet,144,65.92500000000001,71.0,True
2025-12-04,silver/fct_pbp_game_teams_flat_garbage_removed/season=2026/date=2025-12-04/part-1ee18ccc.parquet,144,263.70000000000005,284.0,False
2025-12-04,silver/fct_pbp_game_teams_flat_garbage_removed/season=2026/date=2025-12-04/part-69fc6010.parquet,144,527.4000000000001,568.0,False
2025-12-04,silver/fct_pbp_game_teams_flat_garbage_removed/season=2026/date=2025-12-04/part-8208c3ea.parquet,144,461.475,497.0,False
2025-12-04,silver/fct_pbp_game_teams_flat_garbage_removed/season=2026/date=2025-12-04/part-a3a2317f.parquet,144,395.54999999999995,426.0,False
2025-12-04,silver/fct_pbp_game_teams_flat_garbage_removed/season=2026/date=2025-12-04/part-fabf0a8e.parquet,144,329.625,355.0,False
2025-12-05,silver/fct_pbp_game_teams_flat_garbage_removed/season=2026/date=2025-12-05/part-0d22cfa1.parquet,20,133.05,142.0,False
2025-12-05,silver/fct_pbp_game_teams_flat_garbage_removed/season=2026/date=2025-12-05/part-1062d462.parquet,20,199.575,213.0,False
2025-12-05,silver/fct_pbp_game_teams_flat_garbage_removed/season=2026/date=2025-12-05/part-11a384a9.parquet,20,66.525,71.0,True
2025-12-05,silver/fct_pbp_game_teams_flat_garbage_removed/season=2026/date=2025-12-05/part-1ee18ccc.parquet,20,266.1,284.0,False
2025-12-05,silver/fct_pbp_game_teams_flat_garbage_removed/season=2026/date=2025-12-05/part-69fc6010.parquet,20,532.2,568.0,False
2025-12-05,silver/fct_pbp_game_teams_flat_garbage_removed/season=2026/date=2025-12-05/part-8208c3ea.parquet,20,465.675,497.0,False
2025-12-05,silver/fct_pbp_game_teams_flat_garbage_removed/season=2026/date=2025-12-05/part-a3a2317f.parquet,20,399.15,426.0,False
2025-12-05,silver/fct_pbp_game_teams_flat_garbage_removed/season=2026/date=2025-12-05/part-fabf0a8e.parquet,20,332.625,355.0,False
2025-12-06,silver/fct_pbp_game_teams_flat_garbage_removed/season=2026/date=2025-12-06/part-0d22cfa1.parquet,219,128.9,138.0,False
2025-12-06,silver/fct_pbp_game_teams_flat_garbage_removed/season=2026/date=2025-12-06/part-1062d462.parquet,219,193.35,207.0,False
2025-12-06,silver/fct_pbp_game_teams_flat_garbage_removed/season=2026/date=2025-12-06/part-11a384a9.parquet,219,64.45,69.0,True
2025-12-06,silver/fct_pbp_game_teams_flat_garbage_removed/season=2026/date=2025-12-06/part-1ee18ccc.parquet,219,257.8,276.0,False
2025-12-06,silver/fct_pbp_game_teams_flat_garbage_removed/season=2026/date=2025-12-06/part-69fc6010.parquet,219,515.6,552.0,False
2025-12-06,silver/fct_pbp_game_teams_flat_garbage_removed/season=2026/date=2025-12-06/part-8208c3ea.parquet,219,451.15,483.0,False
2025-12-06,silver/fct_pbp_game_teams_flat_garbage_removed/season=2026/date=2025-12-06/part-a3a2317f.parquet,219,386.7,414.0,False
2025-12-06,silver/fct_pbp_game_teams_flat_garbage_removed/season=2026/date=2025-12-06/part-fabf0a8e.parquet,219,322.25,345.0,False
2025-12-07,silver/fct_pbp_game_teams_flat_garbage_removed/season=2026/date=2025-12-07/part-0d22cfa1.parquet,144,125.15,136.0,False
2025-12-07,silver/fct_pbp_game_teams_flat_garbage_removed/season=2026/date=2025-12-07/part-1062d462.parquet,144,187.72500000000002,204.0,False
2025-12-07,silver/fct_pbp_game_teams_flat_garbage_removed/season=2026/date=2025-12-07/part-11a384a9.parquet,144,62.575,68.0,True
2025-12-07,silver/fct_pbp_game_teams_flat_garbage_removed/season=2026/date=2025-12-07/part-1ee18ccc.parquet,144,250.3,272.0,False
2025-12-07,silver/fct_pbp_game_teams_flat_garbage_removed/season=2026/date=2025-12-07/part-69fc6010.parquet,144,500.6,544.0,False
2025-12-07,silver/fct_pbp_game_teams_flat_garbage_removed/season=2026/date=2025-12-07/part-8208c3ea.parquet,144,438.025,476.0,False
2025-12-07,silver/fct_pbp_game_teams_flat_garbage_removed/season=2026/date=2025-12-07/part-a3a2317f.parquet,144,375.45000000000005,408.0,False
2025-12-07,silver/fct_pbp_game_teams_flat_garbage_removed/season=2026/date=2025-12-07/part-fabf0a8e.parquet,144,312.875,340.0,False
2025-12-08,silver/fct_pbp_game_teams_flat_garbage_removed/season=2026/date=2025-12-08/part-0d22cfa1.parquet,10,132.575,149.0,False
2025-12-08,silver/fct_pbp_game_teams_flat_garbage_removed/season=2026/date=2025-12-08/part-1062d462.parquet,10,198.8625,223.5,False
2025-12-08,silver/fct_pbp_game_teams_flat_garbage_removed/season=2026/date=2025-12-08/part-11a384a9.parquet,10,66.2875,74.5,True
2025-12-08,silver/fct_pbp_game_teams_flat_garbage_removed/season=2026/date=2025-12-08/part-1ee18ccc.parquet,10,265.15,298.0,False
2025-12-08,silver/fct_pbp_game_teams_flat_garbage_removed/season=2026/date=2025-12-08/part-69fc6010.parquet,10,530.3,596.0,False
2025-12-08,silver/fct_pbp_game_teams_flat_garbage_removed/season=2026/date=2025-12-08/part-8208c3ea.parquet,10,464.01250000000005,521.5,False
2025-12-08,silver/fct_pbp_game_teams_flat_garbage_removed/season=2026/date=2025-12-08/part-a3a2317f.parquet,10,397.725,447.0,False
2025-12-08,silver/fct_pbp_game_teams_flat_garbage_removed/season=2026/date=2025-12-08/part-fabf0a8e.parquet,10,331.4375,372.5,False
2025-12-09,silver/fct_pbp_game_teams_flat_garbage_removed/season=2026/date=2025-12-09/part-0d22cfa1.parquet,26,117.35,135.0,False
2025-12-09,silver/fct_pbp_game_teams_flat_garbage_removed/season=2026/date=2025-12-09/part-1062d462.parquet,26,176.02499999999998,202.5,False
2025-12-09,silver/fct_pbp_game_teams_flat_garbage_removed/season=2026/date=2025-12-09/part-11a384a9.parquet,26,58.675,67.5,True
2025-12-09,silver/fct_pbp_game_teams_flat_garbage_removed/season=2026/date=2025-12-09/part-1ee18ccc.parquet,26,234.7,270.0,False
2025-12-09,silver/fct_pbp_game_teams_flat_garbage_removed/season=2026/date=2025-12-09/part-69fc6010.parquet,26,469.4,540.0,False
2025-12-09,silver/fct_pbp_game_teams_flat_garbage_removed/season=2026/date=2025-12-09/part-8208c3ea.parquet,26,410.725,472.5,False
2025-12-09,silver/fct_pbp_game_teams_flat_garbage_removed/season=2026/date=2025-12-09/part-a3a2317f.parquet,26,352.04999999999995,405.0,False
2025-12-09,silver/fct_pbp_game_teams_flat_garbage_removed/season=2026/date=2025-12-09/part-fabf0a8e.parquet,26,293.375,337.5,False
2025-12-10,silver/fct_pbp_game_teams_flat_garbage_removed/season=2026/date=2025-12-10/part-0d22cfa1.parquet,64,116.575,138.0,False
2025-12-10,silver/fct_pbp_game_teams_flat_garbage_removed/season=2026/date=2025-12-10/part-1062d462.parquet,64,174.8625,207.0,False
2025-12-10,silver/fct_pbp_game_teams_flat_garbage_removed/season=2026/date=2025-12-10/part-11a384a9.parquet,64,58.2875,69.0,True
2025-12-10,silver/fct_pbp_game_teams_flat_garbage_removed/season=2026/date=2025-12-10/part-1ee18ccc.parquet,64,233.15,276.0,False
2025-12-10,silver/fct_pbp_game_teams_flat_garbage_removed/season=2026/date=2025-12-10/part-69fc6010.parquet,64,466.3,552.0,False
2025-12-10,silver/fct_pbp_game_teams_flat_garbage_removed/season=2026/date=2025-12-10/part-8208c3ea.parquet,64,408.0125,483.0,False
2025-12-10,silver/fct_pbp_game_teams_flat_garbage_removed/season=2026/date=2025-12-10/part-a3a2317f.parquet,64,349.725,414.0,False
2025-12-10,silver/fct_pbp_game_teams_flat_garbage_removed/season=2026/date=2025-12-10/part-fabf0a8e.parquet,64,291.4375,345.0,False
2025-12-11,silver/fct_pbp_game_teams_flat_garbage_removed/season=2026/date=2025-12-11/part-0d22cfa1.parquet,68,121.575,132.0,False
2025-12-11,silver/fct_pbp_game_teams_flat_garbage_removed/season=2026/date=2025-12-11/part-1062d462.parquet,68,182.3625,198.0,False
2025-12-11,silver/fct_pbp_game_teams_flat_garbage_removed/season=2026/date=2025-12-11/part-11a384a9.parquet,68,60.7875,66.0,True
2025-12-11,silver/fct_pbp_game_teams_flat_garbage_removed/season=2026/date=2025-12-11/part-1ee18ccc.parquet,68,243.15,264.0,False
2025-12-11,silver/fct_pbp_game_teams_flat_garbage_removed/season=2026/date=2025-12-11/part-69fc6010.parquet,68,486.3,528.0,False
2025-12-11,silver/fct_pbp_game_teams_flat_garbage_removed/season=2026/date=2025-12-11/part-8208c3ea.parquet,68,425.5125,462.0,False
2025-12-11,silver/fct_pbp_game_teams_flat_garbage_removed/season=2026/date=2025-12-11/part-a3a2317f.parquet,68,364.725,396.0,False
2025-12-11,silver/fct_pbp_game_teams_flat_garbage_removed/season=2026/date=2025-12-11/part-fabf0a8e.parquet,68,303.9375,330.0,False
2025-12-12,silver/fct_pbp_game_teams_flat_garbage_removed/season=2026/date=2025-12-12/part-0d22cfa1.parquet,26,125.1,133.0,False
2025-12-12,silver/fct_pbp_game_teams_flat_garbage_removed/season=2026/date=2025-12-12/part-1062d462.parquet,26,187.65,199.5,False
2025-12-12,silver/fct_pbp_game_teams_flat_garbage_removed/season=2026/date=2025-12-12/part-11a384a9.parquet,26,62.55,66.5,True
2025-12-12,silver/fct_pbp_game_teams_flat_garbage_removed/season=2026/date=2025-12-12/part-1ee18ccc.parquet,26,250.2,266.0,False
2025-12-12,silver/fct_pbp_game_teams_flat_garbage_removed/season=2026/date=2025-12-12/part-69fc6010.parquet,26,500.4,532.0,False
2025-12-12,silver/fct_pbp_game_teams_flat_garbage_removed/season=2026/date=2025-12-12/part-8208c3ea.parquet,26,437.85,465.5,False
2025-12-12,silver/fct_pbp_game_teams_flat_garbage_removed/season=2026/date=2025-12-12/part-a3a2317f.parquet,26,375.3,399.0,False
2025-12-12,silver/fct_pbp_game_teams_flat_garbage_removed/season=2026/date=2025-12-12/part-fabf0a8e.parquet,26,312.75,332.5,False
2025-12-13,silver/fct_pbp_game_teams_flat_garbage_removed/season=2026/date=2025-12-13/part-0d22cfa1.parquet,173,129.3,142.0,False
2025-12-13,silver/fct_pbp_game_teams_flat_garbage_removed/season=2026/date=2025-12-13/part-1062d462.parquet,173,193.95,213.0,False
2025-12-13,silver/fct_pbp_game_teams_flat_garbage_removed/season=2026/date=2025-12-13/part-11a384a9.parquet,173,64.65,71.0,True
2025-12-13,silver/fct_pbp_game_teams_flat_garbage_removed/season=2026/date=2025-12-13/part-1ee18ccc.parquet,173,258.6,284.0,False
2025-12-13,silver/fct_pbp_game_teams_flat_garbage_removed/season=2026/date=2025-12-13/part-69fc6010.parquet,173,517.2,568.0,False
2025-12-13,silver/fct_pbp_game_teams_flat_garbage_removed/season=2026/date=2025-12-13/part-8208c3ea.parquet,173,452.55,497.0,False
2025-12-13,silver/fct_pbp_game_teams_flat_garbage_removed/season=2026/date=2025-12-13/part-a3a2317f.parquet,173,387.9,426.0,False
2025-12-13,silver/fct_pbp_game_teams_flat_garbage_removed/season=2026/date=2025-12-13/part-fabf0a8e.parquet,173,323.25,355.0,False
2025-12-14,silver/fct_pbp_game_teams_flat_garbage_removed/season=2026/date=2025-12-14/part-0d22cfa1.parquet,109,124.75,136.0,False
2025-12-14,silver/fct_pbp_game_teams_flat_garbage_removed/season=2026/date=2025-12-14/part-1062d462.parquet,109,187.125,204.0,False
2025-12-14,silver/fct_pbp_game_teams_flat_garbage_removed/season=2026/date=2025-12-14/part-11a384a9.parquet,109,62.375,68.0,True
2025-12-14,silver/fct_pbp_game_teams_flat_garbage_removed/season=2026/date=2025-12-14/part-1ee18ccc.parquet,109,249.5,272.0,False
2025-12-14,silver/fct_pbp_game_teams_flat_garbage_removed/season=2026/date=2025-12-14/part-69fc6010.parquet,109,499.0,544.0,False
2025-12-14,silver/fct_pbp_game_teams_flat_garbage_removed/season=2026/date=2025-12-14/part-8208c3ea.parquet,109,436.625,476.0,False
2025-12-14,silver/fct_pbp_game_teams_flat_garbage_removed/season=2026/date=2025-12-14/part-a3a2317f.parquet,109,374.25,408.0,False
2025-12-14,silver/fct_pbp_game_teams_flat_garbage_removed/season=2026/date=2025-12-14/part-fabf0a8e.parquet,109,311.875,340.0,False
2025-12-15,silver/fct_pbp_game_teams_flat_garbage_removed/season=2026/date=2025-12-15/part-0d22cfa1.parquet,6,111.15,129.0,False
2025-12-15,silver/fct_pbp_game_teams_flat_garbage_removed/season=2026/date=2025-12-15/part-1062d462.parquet,6,166.725,193.5,False
2025-12-15,silver/fct_pbp_game_teams_flat_garbage_removed/season=2026/date=2025-12-15/part-11a384a9.parquet,6,55.575,64.5,True
2025-12-15,silver/fct_pbp_game_teams_flat_garbage_removed/season=2026/date=2025-12-15/part-1ee18ccc.parquet,6,222.3,258.0,False
2025-12-15,silver/fct_pbp_game_teams_flat_garbage_removed/season=2026/date=2025-12-15/part-69fc6010.parquet,6,444.6,516.0,False
2025-12-15,silver/fct_pbp_game_teams_flat_garbage_removed/season=2026/date=2025-12-15/part-8208c3ea.parquet,6,389.025,451.5,False
2025-12-15,silver/fct_pbp_game_teams_flat_garbage_removed/season=2026/date=2025-12-15/part-a3a2317f.parquet,6,333.45,387.0,False
2025-12-15,silver/fct_pbp_game_teams_flat_garbage_removed/season=2026/date=2025-12-15/part-fabf0a8e.parquet,6,277.875,322.5,False
2025-12-16,silver/fct_pbp_game_teams_flat_garbage_removed/season=2026/date=2025-12-16/part-0d22cfa1.parquet,40,127.2,137.0,False
2025-12-16,silver/fct_pbp_game_teams_flat_garbage_removed/season=2026/date=2025-12-16/part-1062d462.parquet,40,190.8,205.5,False
2025-12-16,silver/fct_pbp_game_teams_flat_garbage_removed/season=2026/date=2025-12-16/part-11a384a9.parquet,40,63.6,68.5,True
2025-12-16,silver/fct_pbp_game_teams_flat_garbage_removed/season=2026/date=2025-12-16/part-1ee18ccc.parquet,40,254.4,274.0,False
2025-12-16,silver/fct_pbp_game_teams_flat_garbage_removed/season=2026/date=2025-12-16/part-69fc6010.parquet,40,508.8,548.0,False
2025-12-16,silver/fct_pbp_game_teams_flat_garbage_removed/season=2026/date=2025-12-16/part-8208c3ea.parquet,40,445.2,479.5,False
2025-12-16,silver/fct_pbp_game_teams_flat_garbage_removed/season=2026/date=2025-12-16/part-a3a2317f.parquet,40,381.6,411.0,False
2025-12-16,silver/fct_pbp_game_teams_flat_garbage_removed/season=2026/date=2025-12-16/part-fabf0a8e.parquet,40,318.0,342.5,False
2025-12-17,silver/fct_pbp_game_teams_flat_garbage_removed/season=2026/date=2025-12-17/part-0d22cfa1.parquet,86,123.05,131.0,False
2025-12-17,silver/fct_pbp_game_teams_flat_garbage_removed/season=2026/date=2025-12-17/part-1062d462.parquet,86,184.575,196.5,False
2025-12-17,silver/fct_pbp_game_teams_flat_garbage_removed/season=2026/date=2025-12-17/part-11a384a9.parquet,86,61.525,65.5,True
2025-12-17,silver/fct_pbp_game_teams_flat_garbage_removed/season=2026/date=2025-12-17/part-1ee18ccc.parquet,86,246.1,262.0,False
2025-12-17,silver/fct_pbp_game_teams_flat_garbage_removed/season=2026/date=2025-12-17/part-69fc6010.parquet,86,492.2,524.0,False
2025-12-17,silver/fct_pbp_game_teams_flat_garbage_removed/season=2026/date=2025-12-17/part-8208c3ea.parquet,86,430.675,458.5,False
2025-12-17,silver/fct_pbp_game_teams_flat_garbage_removed/season=2026/date=2025-12-17/part-a3a2317f.parquet,86,369.15,393.0,False
2025-12-17,silver/fct_pbp_game_teams_flat_garbage_removed/season=2026/date=2025-12-17/part-fabf0a8e.parquet,86,307.625,327.5,False
2025-12-18,silver/fct_pbp_game_teams_flat_garbage_removed/season=2026/date=2025-12-18/part-0d22cfa1.parquet,116,129.925,140.0,False
2025-12-18,silver/fct_pbp_game_teams_flat_garbage_removed/season=2026/date=2025-12-18/part-1062d462.parquet,116,194.8875,210.0,False
2025-12-18,silver/fct_pbp_game_teams_flat_garbage_removed/season=2026/date=2025-12-18/part-11a384a9.parquet,116,64.9625,70.0,True
2025-12-18,silver/fct_pbp_game_teams_flat_garbage_removed/season=2026/date=2025-12-18/part-1ee18ccc.parquet,116,259.85,280.0,False
2025-12-18,silver/fct_pbp_game_teams_flat_garbage_removed/season=2026/date=2025-12-18/part-69fc6010.parquet,116,519.7,560.0,False
2025-12-18,silver/fct_pbp_game_teams_flat_garbage_removed/season=2026/date=2025-12-18/part-8208c3ea.parquet,116,454.7375,490.0,False
2025-12-18,silver/fct_pbp_game_teams_flat_garbage_removed/season=2026/date=2025-12-18/part-a3a2317f.parquet,116,389.775,420.0,False
2025-12-18,silver/fct_pbp_game_teams_flat_garbage_removed/season=2026/date=2025-12-18/part-fabf0a8e.parquet,116,324.8125,350.0,False
2025-12-19,silver/fct_pbp_game_teams_flat_garbage_removed/season=2026/date=2025-12-19/part-0d22cfa1.parquet,72,127.725,136.0,False
2025-12-19,silver/fct_pbp_game_teams_flat_garbage_removed/season=2026/date=2025-12-19/part-1062d462.parquet,72,191.58749999999998,204.0,False
2025-12-19,silver/fct_pbp_game_teams_flat_garbage_removed/season=2026/date=2025-12-19/part-11a384a9.parquet,72,63.8625,68.0,True
2025-12-19,silver/fct_pbp_game_teams_flat_garbage_removed/season=2026/date=2025-12-19/part-1ee18ccc.parquet,72,255.45,272.0,False
2025-12-19,silver/fct_pbp_game_teams_flat_garbage_removed/season=2026/date=2025-12-19/part-69fc6010.parquet,72,510.9,544.0,False
2025-12-19,silver/fct_pbp_game_teams_flat_garbage_removed/season=2026/date=2025-12-19/part-8208c3ea.parquet,72,447.0375,476.0,False
2025-12-19,silver/fct_pbp_game_teams_flat_garbage_removed/season=2026/date=2025-12-19/part-a3a2317f.parquet,72,383.17499999999995,408.0,False
2025-12-19,silver/fct_pbp_game_teams_flat_garbage_removed/season=2026/date=2025-12-19/part-fabf0a8e.parquet,72,319.3125,340.0,False
2025-12-20,silver/fct_pbp_game_teams_flat_garbage_removed/season=2026/date=2025-12-20/part-0d22cfa1.parquet,151,131.3,142.0,False
2025-12-20,silver/fct_pbp_game_teams_flat_garbage_removed/season=2026/date=2025-12-20/part-1062d462.parquet,151,196.95,213.0,False
2025-12-20,silver/fct_pbp_game_teams_flat_garbage_removed/season=2026/date=2025-12-20/part-11a384a9.parquet,151,65.65,71.0,True
2025-12-20,silver/fct_pbp_game_teams_flat_garbage_removed/season=2026/date=2025-12-20/part-1ee18ccc.parquet,151,262.6,284.0,False
2025-12-20,silver/fct_pbp_game_teams_flat_garbage_removed/season=2026/date=2025-12-20/part-69fc6010.parquet,151,525.2,568.0,False
2025-12-20,silver/fct_pbp_game_teams_flat_garbage_removed/season=2026/date=2025-12-20/part-8208c3ea.parquet,151,459.55,497.0,False
2025-12-20,silver/fct_pbp_game_teams_flat_garbage_removed/season=2026/date=2025-12-20/part-a3a2317f.parquet,151,393.9,426.0,False
2025-12-20,silver/fct_pbp_game_teams_flat_garbage_removed/season=2026/date=2025-12-20/part-fabf0a8e.parquet,151,328.25,355.0,False
2025-12-21,silver/fct_pbp_game_teams_flat_garbage_removed/season=2026/date=2025-12-21/part-0d22cfa1.parquet,144,123.92500000000001,142.0,False
2025-12-21,silver/fct_pbp_game_teams_flat_garbage_removed/season=2026/date=2025-12-21/part-1062d462.parquet,144,185.8875,213.0,False
2025-12-21,silver/fct_pbp_game_teams_flat_garbage_removed/season=2026/date=2025-12-21/part-11a384a9.parquet,144,61.962500000000006,71.0,True
2025-12-21,silver/fct_pbp_game_teams_flat_garbage_removed/season=2026/date=2025-12-21/part-1ee18ccc.parquet,144,247.85000000000002,284.0,False
2025-12-21,silver/fct_pbp_game_teams_flat_garbage_removed/season=2026/date=2025-12-21/part-69fc6010.parquet,144,495.70000000000005,568.0,False
2025-12-21,silver/fct_pbp_game_teams_flat_garbage_removed/season=2026/date=2025-12-21/part-8208c3ea.parquet,144,433.7375,497.0,False
2025-12-21,silver/fct_pbp_game_teams_flat_garbage_removed/season=2026/date=2025-12-21/part-a3a2317f.parquet,144,371.775,426.0,False
2025-12-21,silver/fct_pbp_game_teams_flat_garbage_removed/season=2026/date=2025-12-21/part-fabf0a8e.parquet,144,309.8125,355.0,False
2025-12-22,silver/fct_pbp_game_teams_flat_garbage_removed/season=2026/date=2025-12-22/part-0d22cfa1.parquet,70,113.45,133.0,False
2025-12-22,silver/fct_pbp_game_teams_flat_garbage_removed/season=2026/date=2025-12-22/part-1062d462.parquet,70,170.175,199.5,False
2025-12-22,silver/fct_pbp_game_teams_flat_garbage_removed/season=2026/date=2025-12-22/part-11a384a9.parquet,70,56.725,66.5,True
2025-12-22,silver/fct_pbp_game_teams_flat_garbage_removed/season=2026/date=2025-12-22/part-1ee18ccc.parquet,70,226.9,266.0,False
2025-12-22,silver/fct_pbp_game_teams_flat_garbage_removed/season=2026/date=2025-12-22/part-69fc6010.parquet,70,453.8,532.0,False
2025-12-22,silver/fct_pbp_game_teams_flat_garbage_removed/season=2026/date=2025-12-22/part-8208c3ea.parquet,70,397.075,465.5,False
2025-12-22,silver/fct_pbp_game_teams_flat_garbage_removed/season=2026/date=2025-12-22/part-a3a2317f.parquet,70,340.35,399.0,False
2025-12-22,silver/fct_pbp_game_teams_flat_garbage_removed/season=2026/date=2025-12-22/part-fabf0a8e.parquet,70,283.625,332.5,False
2025-12-23,silver/fct_pbp_game_teams_flat_garbage_removed/season=2026/date=2025-12-23/part-0d22cfa1.parquet,82,120.125,132.0,False
2025-12-23,silver/fct_pbp_game_teams_flat_garbage_removed/season=2026/date=2025-12-23/part-1062d462.parquet,82,180.1875,198.0,False
2025-12-23,silver/fct_pbp_game_teams_flat_garbage_removed/season=2026/date=2025-12-23/part-11a384a9.parquet,82,60.0625,66.0,True
2025-12-23,silver/fct_pbp_game_teams_flat_garbage_removed/season=2026/date=2025-12-23/part-1ee18ccc.parquet,82,240.25,264.0,False
2025-12-23,silver/fct_pbp_game_teams_flat_garbage_removed/season=2026/date=2025-12-23/part-69fc6010.parquet,82,480.5,528.0,False
2025-12-23,silver/fct_pbp_game_teams_flat_garbage_removed/season=2026/date=2025-12-23/part-8208c3ea.parquet,82,420.4375,462.0,False
2025-12-23,silver/fct_pbp_game_teams_flat_garbage_removed/season=2026/date=2025-12-23/part-a3a2317f.parquet,82,360.375,396.0,False
2025-12-23,silver/fct_pbp_game_teams_flat_garbage_removed/season=2026/date=2025-12-23/part-fabf0a8e.parquet,82,300.3125,330.0,False
2025-12-24,silver/fct_pbp_game_teams_flat_garbage_removed/season=2026/date=2025-12-24/part-0d22cfa1.parquet,4,108.4,111.0,False
2025-12-24,silver/fct_pbp_game_teams_flat_garbage_removed/season=2026/date=2025-12-24/part-1062d462.parquet,4,162.6,166.5,False
2025-12-24,silver/fct_pbp_game_teams_flat_garbage_removed/season=2026/date=2025-12-24/part-11a384a9.parquet,4,54.2,55.5,True
2025-12-24,silver/fct_pbp_game_teams_flat_garbage_removed/season=2026/date=2025-12-24/part-1ee18ccc.parquet,4,216.8,222.0,False
2025-12-24,silver/fct_pbp_game_teams_flat_garbage_removed/season=2026/date=2025-12-24/part-69fc6010.parquet,4,433.6,444.0,False
2025-12-24,silver/fct_pbp_game_teams_flat_garbage_removed/season=2026/date=2025-12-24/part-8208c3ea.parquet,4,379.4,388.5,False
2025-12-24,silver/fct_pbp_game_teams_flat_garbage_removed/season=2026/date=2025-12-24/part-a3a2317f.parquet,4,325.2,333.0,False
2025-12-24,silver/fct_pbp_game_teams_flat_garbage_removed/season=2026/date=2025-12-24/part-fabf0a8e.parquet,4,271.0,277.5,False
2025-12-27,silver/fct_pbp_game_teams_flat_garbage_removed/season=2026/date=2025-12-27/part-0d22cfa1.parquet,4,108.82499999999999,113.0,False
2025-12-27,silver/fct_pbp_game_teams_flat_garbage_removed/season=2026/date=2025-12-27/part-1062d462.parquet,4,163.2375,169.5,False
2025-12-27,silver/fct_pbp_game_teams_flat_garbage_removed/season=2026/date=2025-12-27/part-11a384a9.parquet,4,54.412499999999994,56.5,True
2025-12-27,silver/fct_pbp_game_teams_flat_garbage_removed/season=2026/date=2025-12-27/part-1ee18ccc.parquet,4,217.64999999999998,226.0,False
2025-12-27,silver/fct_pbp_game_teams_flat_garbage_removed/season=2026/date=2025-12-27/part-69fc6010.parquet,4,435.29999999999995,452.0,False
2025-12-27,silver/fct_pbp_game_teams_flat_garbage_removed/season=2026/date=2025-12-27/part-8208c3ea.parquet,4,380.88750000000005,395.5,False
2025-12-27,silver/fct_pbp_game_teams_flat_garbage_removed/season=2026/date=2025-12-27/part-a3a2317f.parquet,4,326.475,339.0,False
2025-12-27,silver/fct_pbp_game_teams_flat_garbage_removed/season=2026/date=2025-12-27/part-fabf0a8e.parquet,4,272.0625,282.5,False
2025-12-28,silver/fct_pbp_game_teams_flat_garbage_removed/season=2026/date=2025-12-28/part-0d22cfa1.parquet,74,117.55,135.0,False
2025-12-28,silver/fct_pbp_game_teams_flat_garbage_removed/season=2026/date=2025-12-28/part-1062d462.parquet,74,176.325,202.5,False
2025-12-28,silver/fct_pbp_game_teams_flat_garbage_removed/season=2026/date=2025-12-28/part-11a384a9.parquet,74,58.775,67.5,True
2025-12-28,silver/fct_pbp_game_teams_flat_garbage_removed/season=2026/date=2025-12-28/part-1ee18ccc.parquet,74,235.1,270.0,False
2025-12-28,silver/fct_pbp_game_teams_flat_garbage_removed/season=2026/date=2025-12-28/part-69fc6010.parquet,74,470.2,540.0,False
2025-12-28,silver/fct_pbp_game_teams_flat_garbage_removed/season=2026/date=2025-12-28/part-8208c3ea.parquet,74,411.425,472.5,False
2025-12-28,silver/fct_pbp_game_teams_flat_garbage_removed/season=2026/date=2025-12-28/part-a3a2317f.parquet,74,352.65,405.0,False
2025-12-28,silver/fct_pbp_game_teams_flat_garbage_removed/season=2026/date=2025-12-28/part-fabf0a8e.parquet,74,293.875,337.5,False
2025-12-29,silver/fct_pbp_game_teams_flat_garbage_removed/season=2026/date=2025-12-29/part-0d22cfa1.parquet,40,118.25,133.0,False
2025-12-29,silver/fct_pbp_game_teams_flat_garbage_removed/season=2026/date=2025-12-29/part-1062d462.parquet,40,177.375,199.5,False
2025-12-29,silver/fct_pbp_game_teams_flat_garbage_removed/season=2026/date=2025-12-29/part-11a384a9.parquet,40,59.125,66.5,True
2025-12-29,silver/fct_pbp_game_teams_flat_garbage_removed/season=2026/date=2025-12-29/part-1ee18ccc.parquet,40,236.5,266.0,False
2025-12-29,silver/fct_pbp_game_teams_flat_garbage_removed/season=2026/date=2025-12-29/part-69fc6010.parquet,40,473.0,532.0,False
2025-12-29,silver/fct_pbp_game_teams_flat_garbage_removed/season=2026/date=2025-12-29/part-8208c3ea.parquet,40,413.875,465.5,False
2025-12-29,silver/fct_pbp_game_teams_flat_garbage_removed/season=2026/date=2025-12-29/part-a3a2317f.parquet,40,354.75,399.0,False
2025-12-29,silver/fct_pbp_game_teams_flat_garbage_removed/season=2026/date=2025-12-29/part-fabf0a8e.parquet,40,295.625,332.5,False
2025-12-30,silver/fct_pbp_game_teams_flat_garbage_removed/season=2026/date=2025-12-30/part-0d22cfa1.parquet,130,123.2,134.0,False
2025-12-30,silver/fct_pbp_game_teams_flat_garbage_removed/season=2026/date=2025-12-30/part-1062d462.parquet,130,184.8,201.0,False
2025-12-30,silver/fct_pbp_game_teams_flat_garbage_removed/season=2026/date=2025-12-30/part-11a384a9.parquet,130,61.6,67.0,True
2025-12-30,silver/fct_pbp_game_teams_flat_garbage_removed/season=2026/date=2025-12-30/part-1ee18ccc.parquet,130,246.4,268.0,False
2025-12-30,silver/fct_pbp_game_teams_flat_garbage_removed/season=2026/date=2025-12-30/part-69fc6010.parquet,130,492.8,536.0,False
2025-12-30,silver/fct_pbp_game_teams_flat_garbage_removed/season=2026/date=2025-12-30/part-8208c3ea.parquet,130,431.2,469.0,False
2025-12-30,silver/fct_pbp_game_teams_flat_garbage_removed/season=2026/date=2025-12-30/part-a3a2317f.parquet,130,369.6,402.0,False
2025-12-30,silver/fct_pbp_game_teams_flat_garbage_removed/season=2026/date=2025-12-30/part-fabf0a8e.parquet,130,308.0,335.0,False
2025-12-31,silver/fct_pbp_game_teams_flat_garbage_removed/season=2026/date=2025-12-31/part-0d22cfa1.parquet,148,131.25,142.0,False
2025-12-31,silver/fct_pbp_game_teams_flat_garbage_removed/season=2026/date=2025-12-31/part-1062d462.parquet,148,196.875,213.0,False
2025-12-31,silver/fct_pbp_game_teams_flat_garbage_removed/season=2026/date=2025-12-31/part-11a384a9.parquet,148,65.625,71.0,True
2025-12-31,silver/fct_pbp_game_teams_flat_garbage_removed/season=2026/date=2025-12-31/part-1ee18ccc.parquet,148,262.5,284.0,False
2025-12-31,silver/fct_pbp_game_teams_flat_garbage_removed/season=2026/date=2025-12-31/part-69fc6010.parquet,148,525.0,568.0,False
2025-12-31,silver/fct_pbp_game_teams_flat_garbage_removed/season=2026/date=2025-12-31/part-8208c3ea.parquet,148,459.375,497.0,False
2025-12-31,silver/fct_pbp_game_teams_flat_garbage_removed/season=2026/date=2025-12-31/part-a3a2317f.parquet,148,393.75,426.0,False
2025-12-31,silver/fct_pbp_game_teams_flat_garbage_removed/season=2026/date=2025-12-31/part-fabf0a8e.parquet,148,328.125,355.0,False
2026-01-01,silver/fct_pbp_game_teams_flat_garbage_removed/season=2026/date=2026-01-01/part-0d22cfa1.parquet,54,130.175,140.0,False
2026-01-01,silver/fct_pbp_game_teams_flat_garbage_removed/season=2026/date=2026-01-01/part-1062d462.parquet,54,195.2625,210.0,False
2026-01-01,silver/fct_pbp_game_teams_flat_garbage_removed/season=2026/date=2026-01-01/part-11a384a9.parquet,54,65.0875,70.0,True
2026-01-01,silver/fct_pbp_game_teams_flat_garbage_removed/season=2026/date=2026-01-01/part-1ee18ccc.parquet,54,260.35,280.0,False
2026-01-01,silver/fct_pbp_game_teams_flat_garbage_removed/season=2026/date=2026-01-01/part-69fc6010.parquet,54,520.7,560.0,False
2026-01-01,silver/fct_pbp_game_teams_flat_garbage_removed/season=2026/date=2026-01-01/part-8208c3ea.parquet,54,455.6125,490.0,False
2026-01-01,silver/fct_pbp_game_teams_flat_garbage_removed/season=2026/date=2026-01-01/part-a3a2317f.parquet,54,390.525,420.0,False
2026-01-01,silver/fct_pbp_game_teams_flat_garbage_removed/season=2026/date=2026-01-01/part-fabf0a8e.parquet,54,325.4375,350.0,False
2026-01-02,silver/fct_pbp_game_teams_flat_garbage_removed/season=2026/date=2026-01-02/part-0d22cfa1.parquet,40,137.05,155.0,False
2026-01-02,silver/fct_pbp_game_teams_flat_garbage_removed/season=2026/date=2026-01-02/part-1062d462.parquet,40,205.575,232.5,False
2026-01-02,silver/fct_pbp_game_teams_flat_garbage_removed/season=2026/date=2026-01-02/part-11a384a9.parquet,40,68.525,77.5,True
2026-01-02,silver/fct_pbp_game_teams_flat_garbage_removed/season=2026/date=2026-01-02/part-1ee18ccc.parquet,40,274.1,310.0,False
2026-01-02,silver/fct_pbp_game_teams_flat_garbage_removed/season=2026/date=2026-01-02/part-69fc6010.parquet,40,548.2,620.0,False
2026-01-02,silver/fct_pbp_game_teams_flat_garbage_removed/season=2026/date=2026-01-02/part-8208c3ea.parquet,40,479.675,542.5,False
2026-01-02,silver/fct_pbp_game_teams_flat_garbage_removed/season=2026/date=2026-01-02/part-a3a2317f.parquet,40,411.15,465.0,False
2026-01-02,silver/fct_pbp_game_teams_flat_garbage_removed/season=2026/date=2026-01-02/part-fabf0a8e.parquet,40,342.625,387.5,False
2026-01-03,silver/fct_pbp_game_teams_flat_garbage_removed/season=2026/date=2026-01-03/part-0d22cfa1.parquet,264,132.7,146.0,False
2026-01-03,silver/fct_pbp_game_teams_flat_garbage_removed/season=2026/date=2026-01-03/part-1062d462.parquet,264,199.05,219.0,False
2026-01-03,silver/fct_pbp_game_teams_flat_garbage_removed/season=2026/date=2026-01-03/part-11a384a9.parquet,264,66.35,73.0,True
2026-01-03,silver/fct_pbp_game_teams_flat_garbage_removed/season=2026/date=2026-01-03/part-1ee18ccc.parquet,264,265.4,292.0,False
2026-01-03,silver/fct_pbp_game_teams_flat_garbage_removed/season=2026/date=2026-01-03/part-69fc6010.parquet,264,530.8,584.0,False
2026-01-03,silver/fct_pbp_game_teams_flat_garbage_removed/season=2026/date=2026-01-03/part-8208c3ea.parquet,264,464.45,511.0,False
2026-01-03,silver/fct_pbp_game_teams_flat_garbage_removed/season=2026/date=2026-01-03/part-a3a2317f.parquet,264,398.1,438.0,False
2026-01-03,silver/fct_pbp_game_teams_flat_garbage_removed/season=2026/date=2026-01-03/part-fabf0a8e.parquet,264,331.75,365.0,False
2026-01-04,silver/fct_pbp_game_teams_flat_garbage_removed/season=2026/date=2026-01-04/part-0d22cfa1.parquet,96,128.25,138.0,False
2026-01-04,silver/fct_pbp_game_teams_flat_garbage_removed/season=2026/date=2026-01-04/part-1062d462.parquet,96,192.375,207.0,False
2026-01-04,silver/fct_pbp_game_teams_flat_garbage_removed/season=2026/date=2026-01-04/part-11a384a9.parquet,96,64.125,69.0,True
2026-01-04,silver/fct_pbp_game_teams_flat_garbage_removed/season=2026/date=2026-01-04/part-1ee18ccc.parquet,96,256.5,276.0,False
2026-01-04,silver/fct_pbp_game_teams_flat_garbage_removed/season=2026/date=2026-01-04/part-69fc6010.parquet,96,513.0,552.0,False
2026-01-04,silver/fct_pbp_game_teams_flat_garbage_removed/season=2026/date=2026-01-04/part-8208c3ea.parquet,96,448.875,483.0,False
2026-01-04,silver/fct_pbp_game_teams_flat_garbage_removed/season=2026/date=2026-01-04/part-a3a2317f.parquet,96,384.75,414.0,False
2026-01-04,silver/fct_pbp_game_teams_flat_garbage_removed/season=2026/date=2026-01-04/part-fabf0a8e.parquet,96,320.625,345.0,False
2026-01-05,silver/fct_pbp_game_teams_flat_garbage_removed/season=2026/date=2026-01-05/part-0d22cfa1.parquet,20,131.05,147.0,False
2026-01-05,silver/fct_pbp_game_teams_flat_garbage_removed/season=2026/date=2026-01-05/part-1062d462.parquet,20,196.575,220.5,False
2026-01-05,silver/fct_pbp_game_teams_flat_garbage_removed/season=2026/date=2026-01-05/part-11a384a9.parquet,20,65.525,73.5,True
2026-01-05,silver/fct_pbp_game_teams_flat_garbage_removed/season=2026/date=2026-01-05/part-1ee18ccc.parquet,20,262.1,294.0,False
2026-01-05,silver/fct_pbp_game_teams_flat_garbage_removed/season=2026/date=2026-01-05/part-69fc6010.parquet,20,524.2,588.0,False
2026-01-05,silver/fct_pbp_game_teams_flat_garbage_removed/season=2026/date=2026-01-05/part-8208c3ea.parquet,20,458.675,514.5,False
2026-01-05,silver/fct_pbp_game_teams_flat_garbage_removed/season=2026/date=2026-01-05/part-a3a2317f.parquet,20,393.15,441.0,False
2026-01-05,silver/fct_pbp_game_teams_flat_garbage_removed/season=2026/date=2026-01-05/part-fabf0a8e.parquet,20,327.625,367.5,False
2026-01-06,silver/fct_pbp_game_teams_flat_garbage_removed/season=2026/date=2026-01-06/part-0d22cfa1.parquet,34,127.55,145.0,False
2026-01-06,silver/fct_pbp_game_teams_flat_garbage_removed/season=2026/date=2026-01-06/part-1062d462.parquet,34,191.325,217.5,False
2026-01-06,silver/fct_pbp_game_teams_flat_garbage_removed/season=2026/date=2026-01-06/part-11a384a9.parquet,34,63.775,72.5,True
2026-01-06,silver/fct_pbp_game_teams_flat_garbage_removed/season=2026/date=2026-01-06/part-1ee18ccc.parquet,34,255.1,290.0,False
2026-01-06,silver/fct_pbp_game_teams_flat_garbage_removed/season=2026/date=2026-01-06/part-69fc6010.parquet,34,510.2,580.0,False
2026-01-06,silver/fct_pbp_game_teams_flat_garbage_removed/season=2026/date=2026-01-06/part-8208c3ea.parquet,34,446.425,507.5,False
2026-01-06,silver/fct_pbp_game_teams_flat_garbage_removed/season=2026/date=2026-01-06/part-a3a2317f.parquet,34,382.65,435.0,False
2026-01-06,silver/fct_pbp_game_teams_flat_garbage_removed/season=2026/date=2026-01-06/part-fabf0a8e.parquet,34,318.875,362.5,False
2026-01-07,silver/fct_pbp_game_teams_flat_garbage_removed/season=2026/date=2026-01-07/part-0d22cfa1.parquet,70,134.52499999999998,144.0,False
2026-01-07,silver/fct_pbp_game_teams_flat_garbage_removed/season=2026/date=2026-01-07/part-1062d462.parquet,70,201.78750000000002,216.0,False
2026-01-07,silver/fct_pbp_game_teams_flat_garbage_removed/season=2026/date=2026-01-07/part-11a384a9.parquet,70,67.26249999999999,72.0,True
2026-01-07,silver/fct_pbp_game_teams_flat_garbage_removed/season=2026/date=2026-01-07/part-1ee18ccc.parquet,70,269.04999999999995,288.0,False
2026-01-07,silver/fct_pbp_game_teams_flat_garbage_removed/season=2026/date=2026-01-07/part-69fc6010.parquet,70,538.0999999999999,576.0,False
2026-01-07,silver/fct_pbp_game_teams_flat_garbage_removed/season=2026/date=2026-01-07/part-8208c3ea.parquet,70,470.8375,504.0,False
2026-01-07,silver/fct_pbp_game_teams_flat_garbage_removed/season=2026/date=2026-01-07/part-a3a2317f.parquet,70,403.57500000000005,432.0,False
2026-01-07,silver/fct_pbp_game_teams_flat_garbage_removed/season=2026/date=2026-01-07/part-fabf0a8e.parquet,70,336.3125,360.0,False
2026-01-08,silver/fct_pbp_game_teams_flat_garbage_removed/season=2026/date=2026-01-08/part-0d22cfa1.parquet,104,129.95,140.0,False
2026-01-08,silver/fct_pbp_game_teams_flat_garbage_removed/season=2026/date=2026-01-08/part-1062d462.parquet,104,194.925,210.0,False
2026-01-08,silver/fct_pbp_game_teams_flat_garbage_removed/season=2026/date=2026-01-08/part-11a384a9.parquet,104,64.975,70.0,True
2026-01-08,silver/fct_pbp_game_teams_flat_garbage_removed/season=2026/date=2026-01-08/part-1ee18ccc.parquet,104,259.9,280.0,False
2026-01-08,silver/fct_pbp_game_teams_flat_garbage_removed/season=2026/date=2026-01-08/part-69fc6010.parquet,104,519.8,560.0,False
2026-01-08,silver/fct_pbp_game_teams_flat_garbage_removed/season=2026/date=2026-01-08/part-8208c3ea.parquet,104,454.82500000000005,490.0,False
2026-01-08,silver/fct_pbp_game_teams_flat_garbage_removed/season=2026/date=2026-01-08/part-a3a2317f.parquet,104,389.85,420.0,False
2026-01-08,silver/fct_pbp_game_teams_flat_garbage_removed/season=2026/date=2026-01-08/part-fabf0a8e.parquet,104,324.875,350.0,False
2026-01-09,silver/fct_pbp_game_teams_flat_garbage_removed/season=2026/date=2026-01-09/part-0d22cfa1.parquet,108,129.85,143.0,False
2026-01-09,silver/fct_pbp_game_teams_flat_garbage_removed/season=2026/date=2026-01-09/part-1062d462.parquet,108,194.775,214.5,False
2026-01-09,silver/fct_pbp_game_teams_flat_garbage_removed/season=2026/date=2026-01-09/part-11a384a9.parquet,108,64.925,71.5,True
2026-01-09,silver/fct_pbp_game_teams_flat_garbage_removed/season=2026/date=2026-01-09/part-1ee18ccc.parquet,108,259.7,286.0,False
2026-01-09,silver/fct_pbp_game_teams_flat_garbage_removed/season=2026/date=2026-01-09/part-69fc6010.parquet,108,519.4,572.0,False
2026-01-09,silver/fct_pbp_game_teams_flat_garbage_removed/season=2026/date=2026-01-09/part-8208c3ea.parquet,108,454.475,500.5,False
2026-01-09,silver/fct_pbp_game_teams_flat_garbage_removed/season=2026/date=2026-01-09/part-a3a2317f.parquet,108,389.55,429.0,False
2026-01-09,silver/fct_pbp_game_teams_flat_garbage_removed/season=2026/date=2026-01-09/part-fabf0a8e.parquet,108,324.625,357.5,False
2026-01-10,silver/fct_pbp_game_teams_flat_garbage_removed/season=2026/date=2026-01-10/part-0d22cfa1.parquet,270,134.85000000000002,144.0,False
2026-01-10,silver/fct_pbp_game_teams_flat_garbage_removed/season=2026/date=2026-01-10/part-1062d462.parquet,270,202.27499999999998,216.0,False
2026-01-10,silver/fct_pbp_game_teams_flat_garbage_removed/season=2026/date=2026-01-10/part-11a384a9.parquet,270,67.42500000000001,72.0,True
2026-01-10,silver/fct_pbp_game_teams_flat_garbage_removed/season=2026/date=2026-01-10/part-1ee18ccc.parquet,270,269.70000000000005,288.0,False
2026-01-10,silver/fct_pbp_game_teams_flat_garbage_removed/season=2026/date=2026-01-10/part-69fc6010.parquet,270,539.4000000000001,576.0,False
2026-01-10,silver/fct_pbp_game_teams_flat_garbage_removed/season=2026/date=2026-01-10/part-8208c3ea.parquet,270,471.975,504.0,False
2026-01-10,silver/fct_pbp_game_teams_flat_garbage_removed/season=2026/date=2026-01-10/part-a3a2317f.parquet,270,404.54999999999995,432.0,False
2026-01-10,silver/fct_pbp_game_teams_flat_garbage_removed/season=2026/date=2026-01-10/part-fabf0a8e.parquet,270,337.125,360.0,False
2026-01-11,silver/fct_pbp_game_teams_flat_garbage_removed/season=2026/date=2026-01-11/part-0d22cfa1.parquet,92,130.9,146.0,False
2026-01-11,silver/fct_pbp_game_teams_flat_garbage_removed/season=2026/date=2026-01-11/part-1062d462.parquet,92,196.35,219.0,False
2026-01-11,silver/fct_pbp_game_teams_flat_garbage_removed/season=2026/date=2026-01-11/part-11a384a9.parquet,92,65.45,73.0,True
2026-01-11,silver/fct_pbp_game_teams_flat_garbage_removed/season=2026/date=2026-01-11/part-1ee18ccc.parquet,92,261.8,292.0,False
2026-01-11,silver/fct_pbp_game_teams_flat_garbage_removed/season=2026/date=2026-01-11/part-69fc6010.parquet,92,523.6,584.0,False
2026-01-11,silver/fct_pbp_game_teams_flat_garbage_removed/season=2026/date=2026-01-11/part-8208c3ea.parquet,92,458.15,511.0,False
2026-01-11,silver/fct_pbp_game_teams_flat_garbage_removed/season=2026/date=2026-01-11/part-a3a2317f.parquet,92,392.7,438.0,False
2026-01-11,silver/fct_pbp_game_teams_flat_garbage_removed/season=2026/date=2026-01-11/part-fabf0a8e.parquet,92,327.25,365.0,False
2026-01-12,silver/fct_pbp_game_teams_flat_garbage_removed/season=2026/date=2026-01-12/part-0d22cfa1.parquet,2,137.35,167.0,False
2026-01-12,silver/fct_pbp_game_teams_flat_garbage_removed/season=2026/date=2026-01-12/part-1062d462.parquet,2,206.025,250.5,False
2026-01-12,silver/fct_pbp_game_teams_flat_garbage_removed/season=2026/date=2026-01-12/part-11a384a9.parquet,2,68.675,83.5,True
2026-01-12,silver/fct_pbp_game_teams_flat_garbage_removed/season=2026/date=2026-01-12/part-1ee18ccc.parquet,2,274.7,334.0,False
2026-01-12,silver/fct_pbp_game_teams_flat_garbage_removed/season=2026/date=2026-01-12/part-69fc6010.parquet,2,549.4,668.0,False
2026-01-12,silver/fct_pbp_game_teams_flat_garbage_removed/season=2026/date=2026-01-12/part-8208c3ea.parquet,2,480.725,584.5,False
2026-01-12,silver/fct_pbp_game_teams_flat_garbage_removed/season=2026/date=2026-01-12/part-a3a2317f.parquet,2,412.05,501.0,False
2026-01-12,silver/fct_pbp_game_teams_flat_garbage_removed/season=2026/date=2026-01-12/part-fabf0a8e.parquet,2,343.375,417.5,False
2026-01-13,silver/fct_pbp_game_teams_flat_garbage_removed/season=2026/date=2026-01-13/part-0d22cfa1.parquet,38,131.89999999999998,131.0,False
2026-01-13,silver/fct_pbp_game_teams_flat_garbage_removed/season=2026/date=2026-01-13/part-1062d462.parquet,38,197.85000000000002,196.5,False
2026-01-13,silver/fct_pbp_game_teams_flat_garbage_removed/season=2026/date=2026-01-13/part-11a384a9.parquet,38,65.94999999999999,65.5,True
2026-01-13,silver/fct_pbp_game_teams_flat_garbage_removed/season=2026/date=2026-01-13/part-1ee18ccc.parquet,38,263.79999999999995,262.0,False
2026-01-13,silver/fct_pbp_game_teams_flat_garbage_removed/season=2026/date=2026-01-13/part-69fc6010.parquet,38,527.5999999999999,524.0,False
2026-01-13,silver/fct_pbp_game_teams_flat_garbage_removed/season=2026/date=2026-01-13/part-8208c3ea.parquet,38,461.65,458.5,False
2026-01-13,silver/fct_pbp_game_teams_flat_garbage_removed/season=2026/date=2026-01-13/part-a3a2317f.parquet,38,395.70000000000005,393.0,False
2026-01-13,silver/fct_pbp_game_teams_flat_garbage_removed/season=2026/date=2026-01-13/part-fabf0a8e.parquet,38,329.75,327.5,False
2026-01-14,silver/fct_pbp_game_teams_flat_garbage_removed/season=2026/date=2026-01-14/part-0d22cfa1.parquet,78,127.575,146.0,False
2026-01-14,silver/fct_pbp_game_teams_flat_garbage_removed/season=2026/date=2026-01-14/part-1062d462.parquet,78,191.3625,219.0,False
2026-01-14,silver/fct_pbp_game_teams_flat_garbage_removed/season=2026/date=2026-01-14/part-11a384a9.parquet,78,63.7875,73.0,True
2026-01-14,silver/fct_pbp_game_teams_flat_garbage_removed/season=2026/date=2026-01-14/part-1ee18ccc.parquet,78,255.15,292.0,False
2026-01-14,silver/fct_pbp_game_teams_flat_garbage_removed/season=2026/date=2026-01-14/part-69fc6010.parquet,78,510.3,584.0,False
2026-01-14,silver/fct_pbp_game_teams_flat_garbage_removed/season=2026/date=2026-01-14/part-8208c3ea.parquet,78,446.5125,511.0,False
2026-01-14,silver/fct_pbp_game_teams_flat_garbage_removed/season=2026/date=2026-01-14/part-a3a2317f.parquet,78,382.725,438.0,False
2026-01-14,silver/fct_pbp_game_teams_flat_garbage_removed/season=2026/date=2026-01-14/part-fabf0a8e.parquet,78,318.9375,365.0,False
2026-01-15,silver/fct_pbp_game_teams_flat_garbage_removed/season=2026/date=2026-01-15/part-0d22cfa1.parquet,120,132.2,146.0,False
2026-01-15,silver/fct_pbp_game_teams_flat_garbage_removed/season=2026/date=2026-01-15/part-1062d462.parquet,120,198.3,219.0,False
2026-01-15,silver/fct_pbp_game_teams_flat_garbage_removed/season=2026/date=2026-01-15/part-11a384a9.parquet,120,66.1,73.0,True
2026-01-15,silver/fct_pbp_game_teams_flat_garbage_removed/season=2026/date=2026-01-15/part-1ee18ccc.parquet,120,264.4,292.0,False
2026-01-15,silver/fct_pbp_game_teams_flat_garbage_removed/season=2026/date=2026-01-15/part-69fc6010.parquet,120,528.8,584.0,False
2026-01-15,silver/fct_pbp_game_teams_flat_garbage_removed/season=2026/date=2026-01-15/part-8208c3ea.parquet,120,462.7,511.0,False
2026-01-15,silver/fct_pbp_game_teams_flat_garbage_removed/season=2026/date=2026-01-15/part-a3a2317f.parquet,120,396.6,438.0,False
2026-01-15,silver/fct_pbp_game_teams_flat_garbage_removed/season=2026/date=2026-01-15/part-fabf0a8e.parquet,120,330.5,365.0,False
2026-01-16,silver/fct_pbp_game_teams_flat_garbage_removed/season=2026/date=2026-01-16/part-0d22cfa1.parquet,88,134.3,147.0,False
2026-01-16,silver/fct_pbp_game_teams_flat_garbage_removed/season=2026/date=2026-01-16/part-1062d462.parquet,88,201.45,220.5,False
2026-01-16,silver/fct_pbp_game_teams_flat_garbage_removed/season=2026/date=2026-01-16/part-11a384a9.parquet,88,67.15,73.5,True
2026-01-16,silver/fct_pbp_game_teams_flat_garbage_removed/season=2026/date=2026-01-16/part-1ee18ccc.parquet,88,268.6,294.0,False
2026-01-16,silver/fct_pbp_game_teams_flat_garbage_removed/season=2026/date=2026-01-16/part-69fc6010.parquet,88,537.2,588.0,False
2026-01-16,silver/fct_pbp_game_teams_flat_garbage_removed/season=2026/date=2026-01-16/part-8208c3ea.parquet,88,470.05,514.5,False
2026-01-16,silver/fct_pbp_game_teams_flat_garbage_removed/season=2026/date=2026-01-16/part-a3a2317f.parquet,88,402.9,441.0,False
2026-01-16,silver/fct_pbp_game_teams_flat_garbage_removed/season=2026/date=2026-01-16/part-fabf0a8e.parquet,88,335.75,367.5,False
2026-01-17,silver/fct_pbp_game_teams_flat_garbage_removed/season=2026/date=2026-01-17/part-0d22cfa1.parquet,246,129.85,144.0,False
2026-01-17,silver/fct_pbp_game_teams_flat_garbage_removed/season=2026/date=2026-01-17/part-1062d462.parquet,246,194.775,216.0,False
2026-01-17,silver/fct_pbp_game_teams_flat_garbage_removed/season=2026/date=2026-01-17/part-11a384a9.parquet,246,64.925,72.0,True
2026-01-17,silver/fct_pbp_game_teams_flat_garbage_removed/season=2026/date=2026-01-17/part-1ee18ccc.parquet,246,259.7,288.0,False
2026-01-17,silver/fct_pbp_game_teams_flat_garbage_removed/season=2026/date=2026-01-17/part-69fc6010.parquet,246,519.4,576.0,False
2026-01-17,silver/fct_pbp_game_teams_flat_garbage_removed/season=2026/date=2026-01-17/part-8208c3ea.parquet,246,454.475,504.0,False
2026-01-17,silver/fct_pbp_game_teams_flat_garbage_removed/season=2026/date=2026-01-17/part-a3a2317f.parquet,246,389.55,432.0,False
2026-01-17,silver/fct_pbp_game_teams_flat_garbage_removed/season=2026/date=2026-01-17/part-fabf0a8e.parquet,246,324.625,360.0,False
2026-01-18,silver/fct_pbp_game_teams_flat_garbage_removed/season=2026/date=2026-01-18/part-0d22cfa1.parquet,78,132.8,143.0,False
2026-01-18,silver/fct_pbp_game_teams_flat_garbage_removed/season=2026/date=2026-01-18/part-1062d462.parquet,78,199.2,214.5,False
2026-01-18,silver/fct_pbp_game_teams_flat_garbage_removed/season=2026/date=2026-01-18/part-11a384a9.parquet,78,66.4,71.5,True
2026-01-18,silver/fct_pbp_game_teams_flat_garbage_removed/season=2026/date=2026-01-18/part-1ee18ccc.parquet,78,265.6,286.0,False
2026-01-18,silver/fct_pbp_game_teams_flat_garbage_removed/season=2026/date=2026-01-18/part-69fc6010.parquet,78,531.2,572.0,False
2026-01-18,silver/fct_pbp_game_teams_flat_garbage_removed/season=2026/date=2026-01-18/part-8208c3ea.parquet,78,464.8,500.5,False
2026-01-18,silver/fct_pbp_game_teams_flat_garbage_removed/season=2026/date=2026-01-18/part-a3a2317f.parquet,78,398.4,429.0,False
2026-01-18,silver/fct_pbp_game_teams_flat_garbage_removed/season=2026/date=2026-01-18/part-fabf0a8e.parquet,78,332.0,357.5,False
2026-01-19,silver/fct_pbp_game_teams_flat_garbage_removed/season=2026/date=2026-01-19/part-0d22cfa1.parquet,60,126.05,138.0,False
2026-01-19,silver/fct_pbp_game_teams_flat_garbage_removed/season=2026/date=2026-01-19/part-1062d462.parquet,60,189.075,207.0,False
2026-01-19,silver/fct_pbp_game_teams_flat_garbage_removed/season=2026/date=2026-01-19/part-11a384a9.parquet,60,63.025,69.0,True
2026-01-19,silver/fct_pbp_game_teams_flat_garbage_removed/season=2026/date=2026-01-19/part-1ee18ccc.parquet,60,252.1,276.0,False
2026-01-19,silver/fct_pbp_game_teams_flat_garbage_removed/season=2026/date=2026-01-19/part-69fc6010.parquet,60,504.2,552.0,False
2026-01-19,silver/fct_pbp_game_teams_flat_garbage_removed/season=2026/date=2026-01-19/part-8208c3ea.parquet,60,441.17499999999995,483.0,False
2026-01-19,silver/fct_pbp_game_teams_flat_garbage_removed/season=2026/date=2026-01-19/part-a3a2317f.parquet,60,378.15,414.0,False
2026-01-19,silver/fct_pbp_game_teams_flat_garbage_removed/season=2026/date=2026-01-19/part-fabf0a8e.parquet,60,315.125,345.0,False
2026-01-20,silver/fct_pbp_game_teams_flat_garbage_removed/season=2026/date=2026-01-20/part-0d22cfa1.parquet,32,121.625,140.0,False
2026-01-20,silver/fct_pbp_game_teams_flat_garbage_removed/season=2026/date=2026-01-20/part-1062d462.parquet,32,182.4375,210.0,False
2026-01-20,silver/fct_pbp_game_teams_flat_garbage_removed/season=2026/date=2026-01-20/part-11a384a9.parquet,32,60.8125,70.0,True
2026-01-20,silver/fct_pbp_game_teams_flat_garbage_removed/season=2026/date=2026-01-20/part-1ee18ccc.parquet,32,243.25,280.0,False
2026-01-20,silver/fct_pbp_game_teams_flat_garbage_removed/season=2026/date=2026-01-20/part-69fc6010.parquet,32,486.5,560.0,False
2026-01-20,silver/fct_pbp_game_teams_flat_garbage_removed/season=2026/date=2026-01-20/part-8208c3ea.parquet,32,425.6875,490.0,False
2026-01-20,silver/fct_pbp_game_teams_flat_garbage_removed/season=2026/date=2026-01-20/part-a3a2317f.parquet,32,364.875,420.0,False
2026-01-20,silver/fct_pbp_game_teams_flat_garbage_removed/season=2026/date=2026-01-20/part-fabf0a8e.parquet,32,304.0625,350.0,False
2026-01-21,silver/fct_pbp_game_teams_flat_garbage_removed/season=2026/date=2026-01-21/part-0d22cfa1.parquet,76,130.925,136.0,False
2026-01-21,silver/fct_pbp_game_teams_flat_garbage_removed/season=2026/date=2026-01-21/part-1062d462.parquet,76,196.3875,204.0,False
2026-01-21,silver/fct_pbp_game_teams_flat_garbage_removed/season=2026/date=2026-01-21/part-11a384a9.parquet,76,65.4625,68.0,True
2026-01-21,silver/fct_pbp_game_teams_flat_garbage_removed/season=2026/date=2026-01-21/part-1ee18ccc.parquet,76,261.85,272.0,False
2026-01-21,silver/fct_pbp_game_teams_flat_garbage_removed/season=2026/date=2026-01-21/part-69fc6010.parquet,76,523.7,544.0,False
2026-01-21,silver/fct_pbp_game_teams_flat_garbage_removed/season=2026/date=2026-01-21/part-8208c3ea.parquet,76,458.23749999999995,476.0,False
2026-01-21,silver/fct_pbp_game_teams_flat_garbage_removed/season=2026/date=2026-01-21/part-a3a2317f.parquet,76,392.775,408.0,False
2026-01-21,silver/fct_pbp_game_teams_flat_garbage_removed/season=2026/date=2026-01-21/part-fabf0a8e.parquet,76,327.3125,340.0,False
2026-01-22,silver/fct_pbp_game_teams_flat_garbage_removed/season=2026/date=2026-01-22/part-0d22cfa1.parquet,116,131.275,140.0,False
2026-01-22,silver/fct_pbp_game_teams_flat_garbage_removed/season=2026/date=2026-01-22/part-1062d462.parquet,116,196.9125,210.0,False
2026-01-22,silver/fct_pbp_game_teams_flat_garbage_removed/season=2026/date=2026-01-22/part-11a384a9.parquet,116,65.6375,70.0,True
2026-01-22,silver/fct_pbp_game_teams_flat_garbage_removed/season=2026/date=2026-01-22/part-1ee18ccc.parquet,116,262.55,280.0,False
2026-01-22,silver/fct_pbp_game_teams_flat_garbage_removed/season=2026/date=2026-01-22/part-69fc6010.parquet,116,525.1,560.0,False
2026-01-22,silver/fct_pbp_game_teams_flat_garbage_removed/season=2026/date=2026-01-22/part-8208c3ea.parquet,116,459.4625,490.0,False
2026-01-22,silver/fct_pbp_game_teams_flat_garbage_removed/season=2026/date=2026-01-22/part-a3a2317f.parquet,116,393.825,420.0,False
2026-01-22,silver/fct_pbp_game_teams_flat_garbage_removed/season=2026/date=2026-01-22/part-fabf0a8e.parquet,116,328.1875,350.0,False
2026-01-23,silver/fct_pbp_game_teams_flat_garbage_removed/season=2026/date=2026-01-23/part-0d22cfa1.parquet,96,128.775,140.0,False
2026-01-23,silver/fct_pbp_game_teams_flat_garbage_removed/season=2026/date=2026-01-23/part-1062d462.parquet,96,193.1625,210.0,False
2026-01-23,silver/fct_pbp_game_teams_flat_garbage_removed/season=2026/date=2026-01-23/part-11a384a9.parquet,96,64.3875,70.0,True
2026-01-23,silver/fct_pbp_game_teams_flat_garbage_removed/season=2026/date=2026-01-23/part-1ee18ccc.parquet,96,257.55,280.0,False
2026-01-23,silver/fct_pbp_game_teams_flat_garbage_removed/season=2026/date=2026-01-23/part-69fc6010.parquet,96,515.1,560.0,False
2026-01-23,silver/fct_pbp_game_teams_flat_garbage_removed/season=2026/date=2026-01-23/part-8208c3ea.parquet,96,450.7125,490.0,False
2026-01-23,silver/fct_pbp_game_teams_flat_garbage_removed/season=2026/date=2026-01-23/part-a3a2317f.parquet,96,386.325,420.0,False
2026-01-23,silver/fct_pbp_game_teams_flat_garbage_removed/season=2026/date=2026-01-23/part-fabf0a8e.parquet,96,321.9375,350.0,False
2026-01-24,silver/fct_pbp_game_teams_flat_garbage_removed/season=2026/date=2026-01-24/part-0d22cfa1.parquet,254,130.525,141.0,False
2026-01-24,silver/fct_pbp_game_teams_flat_garbage_removed/season=2026/date=2026-01-24/part-1062d462.parquet,254,195.7875,211.5,False
2026-01-24,silver/fct_pbp_game_teams_flat_garbage_removed/season=2026/date=2026-01-24/part-11a384a9.parquet,254,65.2625,70.5,True
2026-01-24,silver/fct_pbp_game_teams_flat_garbage_removed/season=2026/date=2026-01-24/part-1ee18ccc.parquet,254,261.05,282.0,False
2026-01-24,silver/fct_pbp_game_teams_flat_garbage_removed/season=2026/date=2026-01-24/part-69fc6010.parquet,254,522.1,564.0,False
2026-01-24,silver/fct_pbp_game_teams_flat_garbage_removed/season=2026/date=2026-01-24/part-8208c3ea.parquet,254,456.8375,493.5,False
2026-01-24,silver/fct_pbp_game_teams_flat_garbage_removed/season=2026/date=2026-01-24/part-a3a2317f.parquet,254,391.575,423.0,False
2026-01-24,silver/fct_pbp_game_teams_flat_garbage_removed/season=2026/date=2026-01-24/part-fabf0a8e.parquet,254,326.3125,352.5,False
2026-01-25,silver/fct_pbp_game_teams_flat_garbage_removed/season=2026/date=2026-01-25/part-0d22cfa1.parquet,54,132.575,138.0,False
2026-01-25,silver/fct_pbp_game_teams_flat_garbage_removed/season=2026/date=2026-01-25/part-1062d462.parquet,54,198.8625,207.0,False
2026-01-25,silver/fct_pbp_game_teams_flat_garbage_removed/season=2026/date=2026-01-25/part-11a384a9.parquet,54,66.2875,69.0,True
2026-01-25,silver/fct_pbp_game_teams_flat_garbage_removed/season=2026/date=2026-01-25/part-1ee18ccc.parquet,54,265.15,276.0,False
2026-01-25,silver/fct_pbp_game_teams_flat_garbage_removed/season=2026/date=2026-01-25/part-69fc6010.parquet,54,530.3,552.0,False
2026-01-25,silver/fct_pbp_game_teams_flat_garbage_removed/season=2026/date=2026-01-25/part-8208c3ea.parquet,54,464.01250000000005,483.0,False
2026-01-25,silver/fct_pbp_game_teams_flat_garbage_removed/season=2026/date=2026-01-25/part-a3a2317f.parquet,54,397.725,414.0,False
2026-01-25,silver/fct_pbp_game_teams_flat_garbage_removed/season=2026/date=2026-01-25/part-fabf0a8e.parquet,54,331.4375,345.0,False
2026-01-26,silver/fct_pbp_game_teams_flat_garbage_removed/season=2026/date=2026-01-26/part-0d22cfa1.parquet,4,132.075,141.0,False
2026-01-26,silver/fct_pbp_game_teams_flat_garbage_removed/season=2026/date=2026-01-26/part-1062d462.parquet,4,198.1125,211.5,False
2026-01-26,silver/fct_pbp_game_teams_flat_garbage_removed/season=2026/date=2026-01-26/part-11a384a9.parquet,4,66.0375,70.5,True
2026-01-26,silver/fct_pbp_game_teams_flat_garbage_removed/season=2026/date=2026-01-26/part-1ee18ccc.parquet,4,264.15,282.0,False
2026-01-26,silver/fct_pbp_game_teams_flat_garbage_removed/season=2026/date=2026-01-26/part-69fc6010.parquet,4,528.3,564.0,False
2026-01-26,silver/fct_pbp_game_teams_flat_garbage_removed/season=2026/date=2026-01-26/part-8208c3ea.parquet,4,462.2625,493.5,False
2026-01-26,silver/fct_pbp_game_teams_flat_garbage_removed/season=2026/date=2026-01-26/part-a3a2317f.parquet,4,396.225,423.0,False
2026-01-26,silver/fct_pbp_game_teams_flat_garbage_removed/season=2026/date=2026-01-26/part-fabf0a8e.parquet,4,330.1875,352.5,False
2026-01-27,silver/fct_pbp_game_teams_flat_garbage_removed/season=2026/date=2026-01-27/part-0d22cfa1.parquet,28,134.375,138.0,False
2026-01-27,silver/fct_pbp_game_teams_flat_garbage_removed/season=2026/date=2026-01-27/part-1062d462.parquet,28,201.5625,207.0,False
2026-01-27,silver/fct_pbp_game_teams_flat_garbage_removed/season=2026/date=2026-01-27/part-11a384a9.parquet,28,67.1875,69.0,True
2026-01-27,silver/fct_pbp_game_teams_flat_garbage_removed/season=2026/date=2026-01-27/part-1ee18ccc.parquet,28,268.75,276.0,False
2026-01-27,silver/fct_pbp_game_teams_flat_garbage_removed/season=2026/date=2026-01-27/part-69fc6010.parquet,28,537.5,552.0,False
2026-01-27,silver/fct_pbp_game_teams_flat_garbage_removed/season=2026/date=2026-01-27/part-8208c3ea.parquet,28,470.3125,483.0,False
2026-01-27,silver/fct_pbp_game_teams_flat_garbage_removed/season=2026/date=2026-01-27/part-a3a2317f.parquet,28,403.125,414.0,False
2026-01-27,silver/fct_pbp_game_teams_flat_garbage_removed/season=2026/date=2026-01-27/part-fabf0a8e.parquet,28,335.9375,345.0,False
2026-02-16,silver/fct_pbp_game_teams_flat_garbage_removed/season=2026/date=2026-02-16/part-0d22cfa1.parquet,12,128.525,120.0,False
2026-02-16,silver/fct_pbp_game_teams_flat_garbage_removed/season=2026/date=2026-02-16/part-1062d462.parquet,12,192.78750000000002,180.0,False
2026-02-16,silver/fct_pbp_game_teams_flat_garbage_removed/season=2026/date=2026-02-16/part-11a384a9.parquet,12,64.2625,60.0,True
2026-02-16,silver/fct_pbp_game_teams_flat_garbage_removed/season=2026/date=2026-02-16/part-1ee18ccc.parquet,12,257.05,240.0,False
2026-02-16,silver/fct_pbp_game_teams_flat_garbage_removed/season=2026/date=2026-02-16/part-69fc6010.parquet,12,514.1,480.0,False
2026-02-16,silver/fct_pbp_game_teams_flat_garbage_removed/season=2026/date=2026-02-16/part-8208c3ea.parquet,12,449.8375,420.0,False
2026-02-16,silver/fct_pbp_game_teams_flat_garbage_removed/season=2026/date=2026-02-16/part-a3a2317f.parquet,12,385.57500000000005,360.0,False
2026-02-16,silver/fct_pbp_game_teams_flat_garbage_removed/season=2026/date=2026-02-16/part-fabf0a8e.parquet,12,321.3125,300.0,False
2026-02-17,silver/fct_pbp_game_teams_flat_garbage_removed/season=2026/date=2026-02-17/part-0d22cfa1.parquet,52,131.375,140.0,False
2026-02-17,silver/fct_pbp_game_teams_flat_garbage_removed/season=2026/date=2026-02-17/part-1062d462.parquet,52,197.0625,210.0,False
2026-02-17,silver/fct_pbp_game_teams_flat_garbage_removed/season=2026/date=2026-02-17/part-11a384a9.parquet,52,65.6875,70.0,True
2026-02-17,silver/fct_pbp_game_teams_flat_garbage_removed/season=2026/date=2026-02-17/part-1ee18ccc.parquet,52,262.75,280.0,False
2026-02-17,silver/fct_pbp_game_teams_flat_garbage_removed/season=2026/date=2026-02-17/part-69fc6010.parquet,52,525.5,560.0,False
2026-02-17,silver/fct_pbp_game_teams_flat_garbage_removed/season=2026/date=2026-02-17/part-8208c3ea.parquet,52,459.8125,490.0,False
2026-02-17,silver/fct_pbp_game_teams_flat_garbage_removed/season=2026/date=2026-02-17/part-a3a2317f.parquet,52,394.125,420.0,False
2026-02-17,silver/fct_pbp_game_teams_flat_garbage_removed/season=2026/date=2026-02-17/part-fabf0a8e.parquet,52,328.4375,350.0,False
2026-02-18,silver/fct_pbp_game_teams_flat_garbage_removed/season=2026/date=2026-02-18/part-0d22cfa1.parquet,60,133.575,146.0,False
2026-02-18,silver/fct_pbp_game_teams_flat_garbage_removed/season=2026/date=2026-02-18/part-1062d462.parquet,60,200.3625,219.0,False
2026-02-18,silver/fct_pbp_game_teams_flat_garbage_removed/season=2026/date=2026-02-18/part-11a384a9.parquet,60,66.7875,73.0,True
2026-02-18,silver/fct_pbp_game_teams_flat_garbage_removed/season=2026/date=2026-02-18/part-1ee18ccc.parquet,60,267.15,292.0,False
2026-02-18,silver/fct_pbp_game_teams_flat_garbage_removed/season=2026/date=2026-02-18/part-69fc6010.parquet,60,534.3,584.0,False
2026-02-18,silver/fct_pbp_game_teams_flat_garbage_removed/season=2026/date=2026-02-18/part-8208c3ea.parquet,60,467.51250000000005,511.0,False
2026-02-18,silver/fct_pbp_game_teams_flat_garbage_removed/season=2026/date=2026-02-18/part-a3a2317f.parquet,60,400.725,438.0,False
2026-02-18,silver/fct_pbp_game_teams_flat_garbage_removed/season=2026/date=2026-02-18/part-fabf0a8e.parquet,60,333.9375,365.0,False
2026-02-19,silver/fct_pbp_game_teams_flat_garbage_removed/season=2026/date=2026-02-19/part-0d22cfa1.parquet,118,133.0,148.0,False
2026-02-19,silver/fct_pbp_game_teams_flat_garbage_removed/season=2026/date=2026-02-19/part-1062d462.parquet,118,199.5,222.0,False
2026-02-19,silver/fct_pbp_game_teams_flat_garbage_removed/season=2026/date=2026-02-19/part-11a384a9.parquet,118,66.5,74.0,True
2026-02-19,silver/fct_pbp_game_teams_flat_garbage_removed/season=2026/date=2026-02-19/part-1ee18ccc.parquet,118,266.0,296.0,False
2026-02-19,silver/fct_pbp_game_teams_flat_garbage_removed/season=2026/date=2026-02-19/part-69fc6010.parquet,118,532.0,592.0,False
2026-02-19,silver/fct_pbp_game_teams_flat_garbage_removed/season=2026/date=2026-02-19/part-8208c3ea.parquet,118,465.5,518.0,False
2026-02-19,silver/fct_pbp_game_teams_flat_garbage_removed/season=2026/date=2026-02-19/part-a3a2317f.parquet,118,399.0,444.0,False
2026-02-19,silver/fct_pbp_game_teams_flat_garbage_removed/season=2026/date=2026-02-19/part-fabf0a8e.parquet,118,332.5,370.0,False
2026-02-20,silver/fct_pbp_game_teams_flat_garbage_removed/season=2026/date=2026-02-20/part-0d22cfa1.parquet,96,143.75,163.0,False
2026-02-20,silver/fct_pbp_game_teams_flat_garbage_removed/season=2026/date=2026-02-20/part-1062d462.parquet,96,215.625,244.5,False
2026-02-20,silver/fct_pbp_game_teams_flat_garbage_removed/season=2026/date=2026-02-20/part-11a384a9.parquet,96,71.875,81.5,True
2026-02-20,silver/fct_pbp_game_teams_flat_garbage_removed/season=2026/date=2026-02-20/part-1ee18ccc.parquet,96,287.5,326.0,False
2026-02-20,silver/fct_pbp_game_teams_flat_garbage_removed/season=2026/date=2026-02-20/part-69fc6010.parquet,96,575.0,652.0,False
2026-02-20,silver/fct_pbp_game_teams_flat_garbage_removed/season=2026/date=2026-02-20/part-8208c3ea.parquet,96,503.125,570.5,False
2026-02-20,silver/fct_pbp_game_teams_flat_garbage_removed/season=2026/date=2026-02-20/part-a3a2317f.parquet,96,431.25,489.0,False
2026-02-20,silver/fct_pbp_game_teams_flat_garbage_removed/season=2026/date=2026-02-20/part-fabf0a8e.parquet,96,359.375,407.5,False
2026-02-21,silver/fct_pbp_game_teams_flat_garbage_removed/season=2026/date=2026-02-21/part-0d22cfa1.parquet,252,129.25,142.0,False
2026-02-21,silver/fct_pbp_game_teams_flat_garbage_removed/season=2026/date=2026-02-21/part-1062d462.parquet,252,193.875,213.0,False
2026-02-21,silver/fct_pbp_game_teams_flat_garbage_removed/season=2026/date=2026-02-21/part-11a384a9.parquet,252,64.625,71.0,True
2026-02-21,silver/fct_pbp_game_teams_flat_garbage_removed/season=2026/date=2026-02-21/part-1ee18ccc.parquet,252,258.5,284.0,False
2026-02-21,silver/fct_pbp_game_teams_flat_garbage_removed/season=2026/date=2026-02-21/part-69fc6010.parquet,252,517.0,568.0,False
2026-02-21,silver/fct_pbp_game_teams_flat_garbage_removed/season=2026/date=2026-02-21/part-8208c3ea.parquet,252,452.375,497.0,False
2026-02-21,silver/fct_pbp_game_teams_flat_garbage_removed/season=2026/date=2026-02-21/part-a3a2317f.parquet,252,387.75,426.0,False
2026-02-21,silver/fct_pbp_game_teams_flat_garbage_removed/season=2026/date=2026-02-21/part-fabf0a8e.parquet,252,323.125,355.0,False
2026-02-22,silver/fct_pbp_game_teams_flat_garbage_removed/season=2026/date=2026-02-22/part-0d22cfa1.parquet,110,130.775,143.0,False
2026-02-22,silver/fct_pbp_game_teams_flat_garbage_removed/season=2026/date=2026-02-22/part-1062d462.parquet,110,196.1625,214.5,False
2026-02-22,silver/fct_pbp_game_teams_flat_garbage_removed/season=2026/date=2026-02-22/part-11a384a9.parquet,110,65.3875,71.5,True
2026-02-22,silver/fct_pbp_game_teams_flat_garbage_removed/season=2026/date=2026-02-22/part-1ee18ccc.parquet,110,261.55,286.0,False
2026-02-22,silver/fct_pbp_game_teams_flat_garbage_removed/season=2026/date=2026-02-22/part-69fc6010.parquet,110,523.1,572.0,False
2026-02-22,silver/fct_pbp_game_teams_flat_garbage_removed/season=2026/date=2026-02-22/part-8208c3ea.parquet,110,457.7125,500.5,False
2026-02-22,silver/fct_pbp_game_teams_flat_garbage_removed/season=2026/date=2026-02-22/part-a3a2317f.parquet,110,392.325,429.0,False
2026-02-22,silver/fct_pbp_game_teams_flat_garbage_removed/season=2026/date=2026-02-22/part-fabf0a8e.parquet,110,326.9375,357.5,False
2026-02-24,silver/fct_pbp_game_teams_flat_garbage_removed/season=2026/date=2026-02-24/part-0d22cfa1.parquet,26,130.725,136.0,False
2026-02-24,silver/fct_pbp_game_teams_flat_garbage_removed/season=2026/date=2026-02-24/part-1062d462.parquet,26,196.0875,204.0,False
2026-02-24,silver/fct_pbp_game_teams_flat_garbage_removed/season=2026/date=2026-02-24/part-11a384a9.parquet,26,65.3625,68.0,True
2026-02-24,silver/fct_pbp_game_teams_flat_garbage_removed/season=2026/date=2026-02-24/part-1ee18ccc.parquet,26,261.45,272.0,False
2026-02-24,silver/fct_pbp_game_teams_flat_garbage_removed/season=2026/date=2026-02-24/part-69fc6010.parquet,26,522.9,544.0,False
2026-02-24,silver/fct_pbp_game_teams_flat_garbage_removed/season=2026/date=2026-02-24/part-8208c3ea.parquet,26,457.5375,476.0,False
2026-02-24,silver/fct_pbp_game_teams_flat_garbage_removed/season=2026/date=2026-02-24/part-a3a2317f.parquet,26,392.175,408.0,False
2026-02-24,silver/fct_pbp_game_teams_flat_garbage_removed/season=2026/date=2026-02-24/part-fabf0a8e.parquet,26,326.8125,340.0,False
2026-02-25,silver/fct_pbp_game_teams_flat_garbage_removed/season=2026/date=2026-02-25/part-0d22cfa1.parquet,74,130.85000000000002,146.0,False
2026-02-25,silver/fct_pbp_game_teams_flat_garbage_removed/season=2026/date=2026-02-25/part-1062d462.parquet,74,196.27499999999998,219.0,False
2026-02-25,silver/fct_pbp_game_teams_flat_garbage_removed/season=2026/date=2026-02-25/part-11a384a9.parquet,74,65.42500000000001,73.0,True
2026-02-25,silver/fct_pbp_game_teams_flat_garbage_removed/season=2026/date=2026-02-25/part-1ee18ccc.parquet,74,261.70000000000005,292.0,False
2026-02-25,silver/fct_pbp_game_teams_flat_garbage_removed/season=2026/date=2026-02-25/part-69fc6010.parquet,74,523.4000000000001,584.0,False
2026-02-25,silver/fct_pbp_game_teams_flat_garbage_removed/season=2026/date=2026-02-25/part-8208c3ea.parquet,74,457.975,511.0,False
2026-02-25,silver/fct_pbp_game_teams_flat_garbage_removed/season=2026/date=2026-02-25/part-a3a2317f.parquet,74,392.54999999999995,438.0,False
2026-02-25,silver/fct_pbp_game_teams_flat_garbage_removed/season=2026/date=2026-02-25/part-fabf0a8e.parquet,74,327.125,365.0,False
2026-02-26,silver/fct_pbp_game_teams_flat_garbage_removed/season=2026/date=2026-02-26/part-0d22cfa1.parquet,110,128.9,142.0,False
2026-02-26,silver/fct_pbp_game_teams_flat_garbage_removed/season=2026/date=2026-02-26/part-1062d462.parquet,110,193.35,213.0,False
2026-02-26,silver/fct_pbp_game_teams_flat_garbage_removed/season=2026/date=2026-02-26/part-11a384a9.parquet,110,64.45,71.0,True
2026-02-26,silver/fct_pbp_game_teams_flat_garbage_removed/season=2026/date=2026-02-26/part-1ee18ccc.parquet,110,257.8,284.0,False
2026-02-26,silver/fct_pbp_game_teams_flat_garbage_removed/season=2026/date=2026-02-26/part-69fc6010.parquet,110,515.6,568.0,False
2026-02-26,silver/fct_pbp_game_teams_flat_garbage_removed/season=2026/date=2026-02-26/part-8208c3ea.parquet,110,451.15,497.0,False
2026-02-26,silver/fct_pbp_game_teams_flat_garbage_removed/season=2026/date=2026-02-26/part-a3a2317f.parquet,110,386.7,426.0,False
2026-02-26,silver/fct_pbp_game_teams_flat_garbage_removed/season=2026/date=2026-02-26/part-fabf0a8e.parquet,110,322.25,355.0,False
2026-02-27,silver/fct_pbp_game_teams_flat_garbage_removed/season=2026/date=2026-02-27/part-0d22cfa1.parquet,108,132.10000000000002,144.0,False
2026-02-27,silver/fct_pbp_game_teams_flat_garbage_removed/season=2026/date=2026-02-27/part-1062d462.parquet,108,198.14999999999998,216.0,False
2026-02-27,silver/fct_pbp_game_teams_flat_garbage_removed/season=2026/date=2026-02-27/part-11a384a9.parquet,108,66.05000000000001,72.0,True
2026-02-27,silver/fct_pbp_game_teams_flat_garbage_removed/season=2026/date=2026-02-27/part-1ee18ccc.parquet,108,264.20000000000005,288.0,False
2026-02-27,silver/fct_pbp_game_teams_flat_garbage_removed/season=2026/date=2026-02-27/part-69fc6010.parquet,108,528.4000000000001,576.0,False
2026-02-27,silver/fct_pbp_game_teams_flat_garbage_removed/season=2026/date=2026-02-27/part-8208c3ea.parquet,108,462.35,504.0,False
2026-02-27,silver/fct_pbp_game_teams_flat_garbage_removed/season=2026/date=2026-02-27/part-a3a2317f.parquet,108,396.29999999999995,432.0,False
2026-02-27,silver/fct_pbp_game_teams_flat_garbage_removed/season=2026/date=2026-02-27/part-fabf0a8e.parquet,108,330.25,360.0,False
2026-02-28,silver/fct_pbp_game_teams_flat_garbage_removed/season=2026/date=2026-02-28/part-0d22cfa1.parquet,274,127.2,138.0,False
2026-02-28,silver/fct_pbp_game_teams_flat_garbage_removed/season=2026/date=2026-02-28/part-1062d462.parquet,274,190.8,207.0,False
2026-02-28,silver/fct_pbp_game_teams_flat_garbage_removed/season=2026/date=2026-02-28/part-11a384a9.parquet,274,63.6,69.0,True
2026-02-28,silver/fct_pbp_game_teams_flat_garbage_removed/season=2026/date=2026-02-28/part-1ee18ccc.parquet,274,254.4,276.0,False
2026-02-28,silver/fct_pbp_game_teams_flat_garbage_removed/season=2026/date=2026-02-28/part-69fc6010.parquet,274,508.8,552.0,False
2026-02-28,silver/fct_pbp_game_teams_flat_garbage_removed/season=2026/date=2026-02-28/part-8208c3ea.parquet,274,445.20000000000005,483.0,False
2026-02-28,silver/fct_pbp_game_teams_flat_garbage_removed/season=2026/date=2026-02-28/part-a3a2317f.parquet,274,381.6,414.0,False
2026-02-28,silver/fct_pbp_game_teams_flat_garbage_removed/season=2026/date=2026-02-28/part-fabf0a8e.parquet,274,318.0,345.0,False
2026-03-01,silver/fct_pbp_game_teams_flat_garbage_removed/season=2026/date=2026-03-01/part-0d22cfa1.parquet,90,129.1,138.0,False
2026-03-01,silver/fct_pbp_game_teams_flat_garbage_removed/season=2026/date=2026-03-01/part-1062d462.parquet,90,193.65,207.0,False
2026-03-01,silver/fct_pbp_game_teams_flat_garbage_removed/season=2026/date=2026-03-01/part-11a384a9.parquet,90,64.55,69.0,True
2026-03-01,silver/fct_pbp_game_teams_flat_garbage_removed/season=2026/date=2026-03-01/part-1ee18ccc.parquet,90,258.2,276.0,False
2026-03-01,silver/fct_pbp_game_teams_flat_garbage_removed/season=2026/date=2026-03-01/part-69fc6010.parquet,90,516.4,552.0,False
2026-03-01,silver/fct_pbp_game_teams_flat_garbage_removed/season=2026/date=2026-03-01/part-8208c3ea.parquet,90,451.85,483.0,False
2026-03-01,silver/fct_pbp_game_teams_flat_garbage_removed/season=2026/date=2026-03-01/part-a3a2317f.parquet,90,387.3,414.0,False
2026-03-01,silver/fct_pbp_game_teams_flat_garbage_removed/season=2026/date=2026-03-01/part-fabf0a8e.parquet,90,322.75,345.0,False
2026-03-02,silver/fct_pbp_game_teams_flat_garbage_removed/season=2026/date=2026-03-02/part-0d22cfa1.parquet,6,147.75,169.0,False
2026-03-02,silver/fct_pbp_game_teams_flat_garbage_removed/season=2026/date=2026-03-02/part-1062d462.parquet,6,221.625,253.5,False
2026-03-02,silver/fct_pbp_game_teams_flat_garbage_removed/season=2026/date=2026-03-02/part-11a384a9.parquet,6,73.875,84.5,True
2026-03-02,silver/fct_pbp_game_teams_flat_garbage_removed/season=2026/date=2026-03-02/part-1ee18ccc.parquet,6,295.5,338.0,False
2026-03-02,silver/fct_pbp_game_teams_flat_garbage_removed/season=2026/date=2026-03-02/part-69fc6010.parquet,6,591.0,676.0,False
2026-03-02,silver/fct_pbp_game_teams_flat_garbage_removed/season=2026/date=2026-03-02/part-8208c3ea.parquet,6,517.125,591.5,False
2026-03-02,silver/fct_pbp_game_teams_flat_garbage_removed/season=2026/date=2026-03-02/part-a3a2317f.parquet,6,443.25,507.0,False
2026-03-02,silver/fct_pbp_game_teams_flat_garbage_removed/season=2026/date=2026-03-02/part-fabf0a8e.parquet,6,369.375,422.5,False
2026-03-03,silver/fct_pbp_game_teams_flat_garbage_removed/season=2026/date=2026-03-03/part-0d22cfa1.parquet,50,123.69999999999999,137.0,False
2026-03-03,silver/fct_pbp_game_teams_flat_garbage_removed/season=2026/date=2026-03-03/part-1062d462.parquet,50,185.55,205.5,False
2026-03-03,silver/fct_pbp_game_teams_flat_garbage_removed/season=2026/date=2026-03-03/part-11a384a9.parquet,50,61.849999999999994,68.5,True
2026-03-03,silver/fct_pbp_game_teams_flat_garbage_removed/season=2026/date=2026-03-03/part-1ee18ccc.parquet,50,247.39999999999998,274.0,False
2026-03-03,silver/fct_pbp_game_teams_flat_garbage_removed/season=2026/date=2026-03-03/part-69fc6010.parquet,50,494.79999999999995,548.0,False
2026-03-03,silver/fct_pbp_game_teams_flat_garbage_removed/season=2026/date=2026-03-03/part-8208c3ea.parquet,50,432.95000000000005,479.5,False
2026-03-03,silver/fct_pbp_game_teams_flat_garbage_removed/season=2026/date=2026-03-03/part-a3a2317f.parquet,50,371.1,411.0,False
2026-03-03,silver/fct_pbp_game_teams_flat_garbage_removed/season=2026/date=2026-03-03/part-fabf0a8e.parquet,50,309.25,342.5,False
2026-03-04,silver/fct_pbp_game_teams_flat_garbage_removed/season=2026/date=2026-03-04/part-0d22cfa1.parquet,104,128.8,139.0,False
2026-03-04,silver/fct_pbp_game_teams_flat_garbage_removed/season=2026/date=2026-03-04/part-1062d462.parquet,104,193.2,208.5,False
2026-03-04,silver/fct_pbp_game_teams_flat_garbage_removed/season=2026/date=2026-03-04/part-11a384a9.parquet,104,64.4,69.5,True
2026-03-04,silver/fct_pbp_game_teams_flat_garbage_removed/season=2026/date=2026-03-04/part-1ee18ccc.parquet,104,257.6,278.0,False
2026-03-04,silver/fct_pbp_game_teams_flat_garbage_removed/season=2026/date=2026-03-04/part-69fc6010.parquet,104,515.2,556.0,False
2026-03-04,silver/fct_pbp_game_teams_flat_garbage_removed/season=2026/date=2026-03-04/part-8208c3ea.parquet,104,450.8,486.5,False
2026-03-04,silver/fct_pbp_game_teams_flat_garbage_removed/season=2026/date=2026-03-04/part-a3a2317f.parquet,104,386.4,417.0,False
2026-03-04,silver/fct_pbp_game_teams_flat_garbage_removed/season=2026/date=2026-03-04/part-fabf0a8e.parquet,104,322.0,347.5,False
2026-03-05,silver/fct_pbp_game_teams_flat_garbage_removed/season=2026/date=2026-03-05/part-0d22cfa1.parquet,74,129.675,140.0,False
2026-03-05,silver/fct_pbp_game_teams_flat_garbage_removed/season=2026/date=2026-03-05/part-1062d462.parquet,74,194.5125,210.0,False
2026-03-05,silver/fct_pbp_game_teams_flat_garbage_removed/season=2026/date=2026-03-05/part-11a384a9.parquet,74,64.8375,70.0,True
2026-03-05,silver/fct_pbp_game_teams_flat_garbage_removed/season=2026/date=2026-03-05/part-1ee18ccc.parquet,74,259.35,280.0,False
2026-03-05,silver/fct_pbp_game_teams_flat_garbage_removed/season=2026/date=2026-03-05/part-69fc6010.parquet,74,518.7,560.0,False
2026-03-05,silver/fct_pbp_game_teams_flat_garbage_removed/season=2026/date=2026-03-05/part-8208c3ea.parquet,74,453.86249999999995,490.0,False
2026-03-05,silver/fct_pbp_game_teams_flat_garbage_removed/season=2026/date=2026-03-05/part-a3a2317f.parquet,74,389.025,420.0,False
2026-03-05,silver/fct_pbp_game_teams_flat_garbage_removed/season=2026/date=2026-03-05/part-fabf0a8e.parquet,74,324.1875,350.0,False
2026-03-06,silver/fct_pbp_game_teams_flat_garbage_removed/season=2026/date=2026-03-06/part-0d22cfa1.parquet,112,131.10000000000002,142.0,False
2026-03-06,silver/fct_pbp_game_teams_flat_garbage_removed/season=2026/date=2026-03-06/part-1062d462.parquet,112,196.64999999999998,213.0,False
2026-03-06,silver/fct_pbp_game_teams_flat_garbage_removed/season=2026/date=2026-03-06/part-11a384a9.parquet,112,65.55000000000001,71.0,True
2026-03-06,silver/fct_pbp_game_teams_flat_garbage_removed/season=2026/date=2026-03-06/part-1ee18ccc.parquet,112,262.20000000000005,284.0,False
2026-03-06,silver/fct_pbp_game_teams_flat_garbage_removed/season=2026/date=2026-03-06/part-69fc6010.parquet,112,524.4000000000001,568.0,False
2026-03-06,silver/fct_pbp_game_teams_flat_garbage_removed/season=2026/date=2026-03-06/part-8208c3ea.parquet,112,458.85,497.0,False
2026-03-06,silver/fct_pbp_game_teams_flat_garbage_removed/season=2026/date=2026-03-06/part-a3a2317f.parquet,112,393.29999999999995,426.0,False
2026-03-06,silver/fct_pbp_game_teams_flat_garbage_removed/season=2026/date=2026-03-06/part-fabf0a8e.parquet,112,327.75,355.0,False
2026-03-07,silver/fct_pbp_game_teams_flat_garbage_removed/season=2026/date=2026-03-07/part-0d22cfa1.parquet,170,130.325,145.0,False
2026-03-07,silver/fct_pbp_game_teams_flat_garbage_removed/season=2026/date=2026-03-07/part-1062d462.parquet,170,195.4875,217.5,False
2026-03-07,silver/fct_pbp_game_teams_flat_garbage_removed/season=2026/date=2026-03-07/part-11a384a9.parquet,170,65.1625,72.5,True
2026-03-07,silver/fct_pbp_game_teams_flat_garbage_removed/season=2026/date=2026-03-07/part-1ee18ccc.parquet,170,260.65,290.0,False
2026-03-07,silver/fct_pbp_game_teams_flat_garbage_removed/season=2026/date=2026-03-07/part-69fc6010.parquet,170,521.3,580.0,False
2026-03-07,silver/fct_pbp_game_teams_flat_garbage_removed/season=2026/date=2026-03-07/part-8208c3ea.parquet,170,456.13750000000005,507.5,False
2026-03-07,silver/fct_pbp_game_teams_flat_garbage_removed/season=2026/date=2026-03-07/part-a3a2317f.parquet,170,390.975,435.0,False
2026-03-07,silver/fct_pbp_game_teams_flat_garbage_removed/season=2026/date=2026-03-07/part-fabf0a8e.parquet,170,325.8125,362.5,False
2026-03-08,silver/fct_pbp_game_teams_flat_garbage_removed/season=2026/date=2026-03-08/part-0d22cfa1.parquet,108,130.8,146.0,False
2026-03-08,silver/fct_pbp_game_teams_flat_garbage_removed/season=2026/date=2026-03-08/part-1062d462.parquet,108,196.2,219.0,False
2026-03-08,silver/fct_pbp_game_teams_flat_garbage_removed/season=2026/date=2026-03-08/part-11a384a9.parquet,108,65.4,73.0,True
2026-03-08,silver/fct_pbp_game_teams_flat_garbage_removed/season=2026/date=2026-03-08/part-1ee18ccc.parquet,108,261.6,292.0,False
2026-03-08,silver/fct_pbp_game_teams_flat_garbage_removed/season=2026/date=2026-03-08/part-69fc6010.parquet,108,523.2,584.0,False
2026-03-08,silver/fct_pbp_game_teams_flat_garbage_removed/season=2026/date=2026-03-08/part-8208c3ea.parquet,108,457.8,511.0,False
2026-03-08,silver/fct_pbp_game_teams_flat_garbage_removed/season=2026/date=2026-03-08/part-a3a2317f.parquet,108,392.4,438.0,False
2026-03-08,silver/fct_pbp_game_teams_flat_garbage_removed/season=2026/date=2026-03-08/part-fabf0a8e.parquet,108,327.0,365.0,False
2026-03-09,silver/fct_pbp_game_teams_flat_garbage_removed/season=2026/date=2026-03-09/part-1062d462.parquet,30,63.237500000000004,71.0,True
2026-03-09,silver/fct_pbp_game_teams_flat_garbage_removed/season=2026/date=2026-03-09/part-1ee18ccc.parquet,30,126.47500000000001,142.0,False
2026-03-09,silver/fct_pbp_game_teams_flat_garbage_removed/season=2026/date=2026-03-09/part-69fc6010.parquet,30,379.42499999999995,426.0,False
2026-03-09,silver/fct_pbp_game_teams_flat_garbage_removed/season=2026/date=2026-03-09/part-8208c3ea.parquet,30,316.1875,355.0,False
2026-03-09,silver/fct_pbp_game_teams_flat_garbage_removed/season=2026/date=2026-03-09/part-a3a2317f.parquet,30,252.95000000000002,284.0,False
2026-03-09,silver/fct_pbp_game_teams_flat_garbage_removed/season=2026/date=2026-03-09/part-fabf0a8e.parquet,30,189.71249999999998,213.0,False
2026-03-10,silver/fct_pbp_game_teams_flat_garbage_removed/season=2026/date=2026-03-10/part-1ee18ccc.parquet,46,64.125,68.0,True
2026-03-10,silver/fct_pbp_game_teams_flat_garbage_removed/season=2026/date=2026-03-10/part-69fc6010.parquet,46,320.625,340.0,False
2026-03-10,silver/fct_pbp_game_teams_flat_garbage_removed/season=2026/date=2026-03-10/part-8208c3ea.parquet,46,256.5,272.0,False
2026-03-10,silver/fct_pbp_game_teams_flat_garbage_removed/season=2026/date=2026-03-10/part-a3a2317f.parquet,46,192.375,204.0,False
2026-03-10,silver/fct_pbp_game_teams_flat_garbage_removed/season=2026/date=2026-03-10/part-fabf0a8e.parquet,46,128.25,136.0,False
2026-03-11,silver/fct_pbp_game_teams_flat_garbage_removed/season=2026/date=2026-03-11/part-69fc6010.parquet,64,131.175,140.0,False
2026-03-11,silver/fct_pbp_game_teams_flat_garbage_removed/season=2026/date=2026-03-11/part-ce228092.parquet,64,65.5875,70.0,True
2026-03-12,silver/fct_pbp_game_teams_flat_garbage_removed/season=2026/date=2026-03-12/part-69fc6010.parquet,86,134.85,142.0,False
2026-03-12,silver/fct_pbp_game_teams_flat_garbage_removed/season=2026/date=2026-03-12/part-ce228092.parquet,86,67.425,71.0,True
2026-03-13,silver/fct_pbp_game_teams_flat_garbage_removed/season=2026/date=2026-03-13/part-69fc6010.parquet,72,137.575,145.0,False
2026-03-13,silver/fct_pbp_game_teams_flat_garbage_removed/season=2026/date=2026-03-13/part-ce228092.parquet,72,68.7875,72.5,True
2026-03-14,silver/fct_pbp_game_teams_flat_garbage_removed/season=2026/date=2026-03-14/part-69fc6010.parquet,58,65.1625,68.0,False
2026-03-14,silver/fct_pbp_game_teams_flat_garbage_removed/season=2026/date=2026-03-14/part-ce228092.parquet,2,54.5625,54.5,True
2026-03-15,silver/fct_pbp_game_teams_flat_garbage_removed/season=2026/date=2026-03-15/part-69fc6010.parquet,2,68.225,77.5,True
