{
  "v1": [
    {
      "year": 2019,
      "status": "ok",
      "elapsed": 16.182804822921753,
      "best_epoch": 39,
      "n_train": 19060,
      "n_val": 4711,
      "mae": 9.510639190673828,
      "rmse": 12.39968204498291,
      "within_1sigma": 0.6919974527701125,
      "within_2sigma": 0.9426873275313097,
      "mean_sigma": 11.931211471557617,
      "empirical_std": 12.398622512817383,
      "calibration_ratio": 0.9623013734817505,
      "n_games": 4711,
      "ats": {
        "bets": 2105,
        "wins": 1038,
        "win_rate": 0.49311163895486937,
        "roi": -0.05860505290434032,
        "units": -123.36363636363637
      }
    },
    {
      "year": 2020,
      "status": "ok",
      "elapsed": 14.722826957702637,
      "best_epoch": 27,
      "n_train": 23771,
      "n_val": 4367,
      "mae": 9.612217903137207,
      "rmse": 12.588837623596191,
      "within_1sigma": 0.7009388596290359,
      "within_2sigma": 0.9434394321044195,
      "mean_sigma": 12.249972343444824,
      "empirical_std": 12.567490577697754,
      "calibration_ratio": 0.9747349619865417,
      "n_games": 4367,
      "ats": {
        "bets": 1973,
        "wins": 998,
        "win_rate": 0.5058286872782565,
        "roi": -0.03432705155969222,
        "units": -67.72727272727275
      }
    },
    {
      "year": 2021,
      "status": "ok",
      "elapsed": 16.037569999694824,
      "best_epoch": 21,
      "n_train": 28138,
      "n_val": 3998,
      "mae": 10.797586441040039,
      "rmse": 14.182317733764648,
      "within_1sigma": 0.6730865432716359,
      "within_2sigma": 0.9372186093046523,
      "mean_sigma": 12.997682571411133,
      "empirical_std": 14.179569244384766,
      "calibration_ratio": 0.9166486263275146,
      "n_games": 3998,
      "ats": {
        "bets": 2176,
        "wins": 1050,
        "win_rate": 0.48253676470588236,
        "roi": -0.07879344919786098,
        "units": -171.4545454545455
      }
    },
    {
      "year": 2022,
      "status": "ok",
      "elapsed": 19.23994493484497,
      "best_epoch": 24,
      "n_train": 32136,
      "n_val": 4676,
      "mae": 9.387863159179688,
      "rmse": 12.471644401550293,
      "within_1sigma": 0.6999572284003421,
      "within_2sigma": 0.9473909324208726,
      "mean_sigma": 12.143611907958984,
      "empirical_std": 12.46469783782959,
      "calibration_ratio": 0.9742403626441956,
      "n_games": 4676,
      "ats": {
        "bets": 2094,
        "wins": 1136,
        "win_rate": 0.542502387774594,
        "roi": 0.03568637666058871,
        "units": 74.72727272727275
      }
    },
    {
      "year": 2023,
      "status": "ok",
      "elapsed": 22.605918884277344,
      "best_epoch": 27,
      "n_train": 36812,
      "n_val": 4807,
      "mae": 9.551653861999512,
      "rmse": 12.456110954284668,
      "within_1sigma": 0.6715206989806533,
      "within_2sigma": 0.9419596421884752,
      "mean_sigma": 11.605918884277344,
      "empirical_std": 12.419137001037598,
      "calibration_ratio": 0.9345189332962036,
      "n_games": 4807,
      "ats": {
        "bets": 2205,
        "wins": 1143,
        "win_rate": 0.5183673469387755,
        "roi": -0.010389610389610428,
        "units": -22.90909090909099
      }
    },
    {
      "year": 2024,
      "status": "ok",
      "elapsed": 23.223022937774658,
      "best_epoch": 13,
      "n_train": 41619,
      "n_val": 4851,
      "mae": 9.936123847961426,
      "rmse": 13.169323921203613,
      "within_1sigma": 0.6728509585652442,
      "within_2sigma": 0.9398062255205112,
      "mean_sigma": 11.928775787353516,
      "empirical_std": 13.155390739440918,
      "calibration_ratio": 0.90675950050354,
      "n_games": 4851,
      "ats": {
        "bets": 1910,
        "wins": 974,
        "win_rate": 0.5099476439790576,
        "roi": -0.026463588767253726,
        "units": -50.54545454545462
      }
    },
    {
      "year": 2025,
      "status": "ok",
      "elapsed": 20.64482092857361,
      "best_epoch": 1,
      "n_train": 46470,
      "n_val": 4782,
      "mae": 12.428261756896973,
      "rmse": 16.662424087524414,
      "within_1sigma": 0.9109159347553325,
      "within_2sigma": 0.9918444165621079,
      "mean_sigma": 27.756168365478516,
      "empirical_std": 15.923255920410156,
      "calibration_ratio": 1.7431213855743408,
      "n_games": 4782,
      "ats": {
        "bets": 2168,
        "wins": 1074,
        "win_rate": 0.49538745387453875,
        "roi": -0.05426031533042603,
        "units": -117.63636363636363
      }
    }
  ],
  "v4": [
    {
      "year": 2019,
      "status": "ok",
      "elapsed": 11.477000951766968,
      "best_epoch": 22,
      "n_train": 19060,
      "n_val": 4711,
      "mae": 9.688575744628906,
      "rmse": 12.697723388671875,
      "within_1sigma": 0.643600084907663,
      "within_2sigma": 0.9153046062407132,
      "mean_sigma": 11.053397178649902,
      "empirical_std": 12.674504280090332,
      "calibration_ratio": 0.8720970153808594,
      "n_games": 4711,
      "ats": {
        "bets": 2526,
        "wins": 1261,
        "win_rate": 0.4992082343626287,
        "roi": -0.04696609803498169,
        "units": -118.63636363636374
      }
    },
    {
      "year": 2020,
      "status": "ok",
      "elapsed": 12.906930923461914,
      "best_epoch": 16,
      "n_train": 23771,
      "n_val": 4367,
      "mae": 9.6687593460083,
      "rmse": 12.636472702026367,
      "within_1sigma": 0.6920082436455233,
      "within_2sigma": 0.9455003434852302,
      "mean_sigma": 12.212423324584961,
      "empirical_std": 12.576766967773438,
      "calibration_ratio": 0.9710304141044617,
      "n_games": 4367,
      "ats": {
        "bets": 2133,
        "wins": 1050,
        "win_rate": 0.49226441631504925,
        "roi": -0.060222477943996953,
        "units": -128.4545454545455
      }
    },
    {
      "year": 2021,
      "status": "ok",
      "elapsed": 20.538177013397217,
      "best_epoch": 40,
      "n_train": 28138,
      "n_val": 3998,
      "mae": 10.56351089477539,
      "rmse": 13.629928588867188,
      "within_1sigma": 0.6510755377688845,
      "within_2sigma": 0.9177088544272136,
      "mean_sigma": 12.803750038146973,
      "empirical_std": 13.612536430358887,
      "calibration_ratio": 0.940585196018219,
      "n_games": 3998,
      "ats": {
        "bets": 2234,
        "wins": 1075,
        "win_rate": 0.4811996418979409,
        "roi": -0.08134613819484009,
        "units": -181.72727272727275
      }
    },
    {
      "year": 2022,
      "status": "ok",
      "elapsed": 19.29344391822815,
      "best_epoch": 22,
      "n_train": 32136,
      "n_val": 4676,
      "mae": 9.434022903442383,
      "rmse": 12.454761505126953,
      "within_1sigma": 0.7046621043627032,
      "within_2sigma": 0.9484602224123182,
      "mean_sigma": 12.377161026000977,
      "empirical_std": 12.430633544921875,
      "calibration_ratio": 0.9956983327865601,
      "n_games": 4676,
      "ats": {
        "bets": 2205,
        "wins": 1209,
        "win_rate": 0.5482993197278911,
        "roi": 0.04675324675324671,
        "units": 103.09090909090901
      }
    },
    {
      "year": 2023,
      "status": "ok",
      "elapsed": 21.181776762008667,
      "best_epoch": 20,
      "n_train": 36812,
      "n_val": 4807,
      "mae": 9.54617977142334,
      "rmse": 12.383662223815918,
      "within_1sigma": 0.6700644892864572,
      "within_2sigma": 0.9375910131058872,
      "mean_sigma": 11.408065795898438,
      "empirical_std": 12.340032577514648,
      "calibration_ratio": 0.924476146697998,
      "n_games": 4807,
      "ats": {
        "bets": 2412,
        "wins": 1292,
        "win_rate": 0.5356550580431177,
        "roi": 0.022614201718679314,
        "units": 54.545454545454504
      }
    },
    {
      "year": 2024,
      "status": "ok",
      "elapsed": 24.36131525039673,
      "best_epoch": 15,
      "n_train": 41619,
      "n_val": 4851,
      "mae": 9.864925384521484,
      "rmse": 12.953704833984375,