{
  "v1": [
    {
      "year": 2019,
      "status": "ok",
      "elapsed": 10.677430152893066,
      "best_epoch": 2,
      "n_train": 19060,
      "n_val": 4711,
      "mae": 12.027847290039062,
      "rmse": 15.695405006408691,
      "within_1sigma": 0.861812778603269,
      "within_2sigma": 0.9857779664614732,
      "mean_sigma": 23.422388076782227,
      "empirical_std": 14.900483131408691,
      "calibration_ratio": 1.5719213485717773,
      "n_games": 4711,
      "ats": {
        "bets": 2697,
        "wins": 1368,
        "win_rate": 0.5072302558398221,
        "roi": -0.03165132976033982,
        "units": -85.36363636363649
      }
    },
    {
      "year": 2020,
      "status": "ok",
      "elapsed": 20.280457973480225,
      "best_epoch": 42,
      "n_train": 23771,
      "n_val": 4367,
      "mae": 9.760004043579102,
      "rmse": 12.810827255249023,
      "within_1sigma": 0.686741470116785,
      "within_2sigma": 0.9349667964277536,
      "mean_sigma": 12.628653526306152,
      "empirical_std": 12.779149055480957,
      "calibration_ratio": 0.9882233738899231,
      "n_games": 4367,
      "ats": {
        "bets": 2101,
        "wins": 1054,
        "win_rate": 0.5016658733936221,
        "roi": -0.042274241703085136,
        "units": -88.81818181818187
      }
    },
    {
      "year": 2021,
      "status": "ok",
      "elapsed": 19.50782299041748,
      "best_epoch": 23,
      "n_train": 28138,
      "n_val": 3998,
      "mae": 10.727375984191895,
      "rmse": 14.079947471618652,
      "within_1sigma": 0.680840420210105,
      "within_2sigma": 0.9319659829914958,
      "mean_sigma": 13.107179641723633,
      "empirical_std": 14.078458786010742,
      "calibration_ratio": 0.9310095310211182,
      "n_games": 3998,
      "ats": {
        "bets": 2098,
        "wins": 1038,
        "win_rate": 0.4947569113441373,
        "roi": -0.05546407834301066,
        "units": -116.36363636363637
      }
    },
    {
      "year": 2022,
      "status": "ok",
      "elapsed": 17.572044849395752,
      "best_epoch": 5,
      "n_train": 32136,
      "n_val": 4676,
      "mae": 10.623482704162598,
      "rmse": 14.163597106933594,
      "within_1sigma": 0.882164242942686,
      "within_2sigma": 0.9867408041060736,
      "mean_sigma": 23.184284210205078,
      "empirical_std": 14.07059383392334,
      "calibration_ratio": 1.6477118730545044,
      "n_games": 4676,
      "ats": {
        "bets": 2127,
        "wins": 1105,
        "win_rate": 0.5195110484250117,
        "roi": -0.008206180279523035,
        "units": -17.454545454545496
      }
    },
    {
      "year": 2023,
      "status": "ok",
      "elapsed": 23.692901849746704,
      "best_epoch": 15,
      "n_train": 36812,
      "n_val": 4807,
      "mae": 9.625299453735352,
      "rmse": 12.60528564453125,
      "within_1sigma": 0.7008529228208862,
      "within_2sigma": 0.9544414395672977,
      "mean_sigma": 12.365470886230469,
      "empirical_std": 12.560446739196777,
      "calibration_ratio": 0.9844769835472107,
      "n_games": 4807,
      "ats": {
        "bets": 2126,
        "wins": 1116,
        "win_rate": 0.5249294449670743,
        "roi": 0.002138031300778224,
        "units": 4.545454545454504
      }
    },
    {
      "year": 2024,
      "status": "ok",
      "elapsed": 22.795323133468628,
      "best_epoch": 1,
      "n_train": 41619,
      "n_val": 4851,
      "mae": 12.732036590576172,
      "rmse": 16.89209747314453,
      "within_1sigma": 0.9022881880024737,
      "within_2sigma": 0.9882498453927026,
      "mean_sigma": 27.387571334838867,
      "empirical_std": 16.020421981811523,
      "calibration_ratio": 1.7095412015914917,
      "n_games": 4851,
      "ats": {
        "bets": 2324,
        "wins": 1147,
        "win_rate": 0.49354561101549055,
        "roi": -0.057776560788608974,
        "units": -134.27272727272725
      }
    },
    {
      "year": 2025,
      "status": "ok",
      "elapsed": 29.38303279876709,
      "best_epoch": 10,
      "n_train": 46470,
      "n_val": 4782,
      "mae": 9.730368614196777,
      "rmse": 12.955987930297852,
      "within_1sigma": 0.6683396068590548,
      "within_2sigma": 0.9345462149728148,
      "mean_sigma": 11.498556137084961,
      "empirical_std": 12.91183853149414,
      "calibration_ratio": 0.8905436992645264,
      "n_games": 4782,
      "ats": {
        "bets": 2003,
        "wins": 1015,
        "win_rate": 0.5067398901647528,
        "roi": -0.032587482412744506,
        "units": -65.27272727272725
      }
    }
  ],
  "v4": [
    {
      "year": 2019,
      "status": "ok",
      "elapsed": 16.7235689163208,
      "best_epoch": 39,
      "n_train": 19060,
      "n_val": 4711,
      "mae": 9.54744815826416,
      "rmse": 12.461767196655273,
      "within_1sigma": 0.6514540437274464,
      "within_2sigma": 0.9174272978136276,
      "mean_sigma": 11.27918815612793,
      "empirical_std": 12.459304809570312,
      "calibration_ratio": 0.9052823185920715,
      "n_games": 4711,
      "ats": {
        "bets": 2434,
        "wins": 1207,
        "win_rate": 0.4958915365653246,
        "roi": -0.05329797564801674,
        "units": -129.72727272727275
      }
    },
    {
      "year": 2020,
      "status": "ok",
      "elapsed": 14.904975175857544,
      "best_epoch": 13,
      "n_train": 23771,
      "n_val": 4367,
      "mae": 9.785563468933105,
      "rmse": 12.834036827087402,
      "within_1sigma": 0.6711701396839936,
      "within_2sigma": 0.9331348752003664,
      "mean_sigma": 11.751544952392578,
      "empirical_std": 12.754905700683594,
      "calibration_ratio": 0.9213352799415588,
      "n_games": 4367,
      "ats": {
        "bets": 2375,
        "wins": 1186,
        "win_rate": 0.4993684210526316,
        "roi": -0.04666028708133969,
        "units": -110.81818181818176
      }
    },
    {
      "year": 2021,
      "status": "ok",
      "elapsed": 17.001538038253784,
      "best_epoch": 11,
      "n_train": 28138,
      "n_val": 3998,
      "mae": 10.995294570922852,
      "rmse": 14.253862380981445,
      "within_1sigma": 0.6820910455227613,
      "within_2sigma": 0.9289644822411206,
      "mean_sigma": 14.872344970703125,
      "empirical_std": 14.244961738586426,
      "calibration_ratio": 1.0440424680709839,
      "n_games": 3998,
      "ats": {
        "bets": 2404,
        "wins": 1165,
        "win_rate": 0.4846089850249584,
        "roi": -0.07483739222507944,
        "units": -179.909090909091
      }
    },
    {
      "year": 2022,
      "status": "ok",
      "elapsed": 19.648893117904663,
      "best_epoch": 10,
      "n_train": 32136,
      "n_val": 4676,
      "mae": 10.05189323425293,
      "rmse": 13.258315086364746,
      "within_1sigma": 0.6785714285714286,
      "within_2sigma": 0.9253635585970915,
      "mean_sigma": 13.345325469970703,
      "empirical_std": 13.256264686584473,
      "calibration_ratio": 1.006718397140503,
      "n_games": 4676,
      "ats": {
        "bets": 2716,
        "wins": 1398,
        "win_rate": 0.5147275405007363,
        "roi": -0.017338331771321516,
        "units": -47.090909090909236
      }
    },
    {
      "year": 2023,
      "status": "ok",
      "elapsed": 26.612852096557617,
      "best_epoch": 22,
      "n_train": 36812,
      "n_val": 4807,
      "mae": 9.525384902954102,
      "rmse": 12.27846622467041,
      "within_1sigma": 0.6719367588932806,
      "within_2sigma": 0.9409194924069066,
      "mean_sigma": 11.643293380737305,
      "empirical_std": 12.265570640563965,
      "calibration_ratio": 0.9492663145065308,
      "n_games": 4807,
      "ats": {
        "bets": 2491,
        "wins": 1301,
        "win_rate": 0.5222802087515054,
        "roi": -0.0029196014743987364,
        "units": -7.272727272727252
      }
    },
    {
      "year": 2024,
      "status": "ok",
      "elapsed": 29.663604974746704,
      "best_epoch": 15,
      "n_train": 41619,
      "n_val": 4851,
      "mae": 9.82660961151123,
      "rmse": 12.858813285827637,